2.815549672379018986e+00,2.815549672379018986e+00,2.152091140033772998e+00,1.751662482579169566e+00,1.515208838786898715e+00,1.370280681154272928e+00,1.279106583143886589e+00,1.220320263749863132e+00,1.181554546152792984e+00,1.155310774187314093e+00,1.136808102860678904e+00,1.122903171860338611e+00,1.111518473288513720e+00,1.101301705569240452e+00,1.091396789331417372e+00,1.081279769995616480e+00,1.070641357230645907e+00,1.059304993388794136e+00,1.047171384398989602e+00,1.034179737689794321e+00,1.020277556027084698e+00,1.005385417126682501e+00,9.892893108602905938e-01,9.728944786631903430e-01,9.728944786631903430e-01
2.815549672379018986e+00,2.815549672379018986e+00,2.152091140033772998e+00,1.751662482579169566e+00,1.515208838786898715e+00,1.370280681154272928e+00,1.279106583143886589e+00,1.220320263749863132e+00,1.181554546152792984e+00,1.155310774187314093e+00,1.136808102860678904e+00,1.122903171860338611e+00,1.111518473288513720e+00,1.101301705569240452e+00,1.091396789331417372e+00,1.081279769995616480e+00,1.070641357230645907e+00,1.059304993388794136e+00,1.047171384398989602e+00,1.034179737689794321e+00,1.020277556027084698e+00,1.005385417126682501e+00,9.892893108602905938e-01,9.728944786631903430e-01,9.728944786631903430e-01
2.428815208940754644e+00,2.428815208940754644e+00,2.040723659335517581e+00,1.741298644154854358e+00,1.534539390417911209e+00,1.393994634059619431e+00,1.299197384537007061e+00,1.235225081784119716e+00,1.191830615656095604e+00,1.162021979264905358e+00,1.140968572742270926e+00,1.125320032924108649e+00,1.112780541387196287e+00,1.101816769177322408e+00,1.091438097339537228e+00,1.081027677972796308e+00,1.070215206874064684e+00,1.058786843932659316e+00,1.046624009882523465e+00,1.033664170595705478e+00,1.019873981334230573e+00,1.005221508474647418e+00,9.895155591423925312e-01,9.729225379773737137e-01,9.729225379773737137e-01
2.142271196849087733e+00,2.142271196849087733e+00,1.915477577094094608e+00,1.696680789201445050e+00,1.524588261032857384e+00,1.397412661666768141e+00,1.306456000941236928e+00,1.242498512964548274e+00,1.197869228609852232e+00,1.166647244171631348e+00,1.144386455899825128e+00,1.127824558806152844e+00,1.114640672424852763e+00,1.103244619229097667e+00,1.092590855597211696e+00,1.082018930513976906e+00,1.071127693616266807e+00,1.059682143766953244e+00,1.047550885825446976e+00,1.034665231511997296e+00,1.020993375612999188e+00,1.006516610737675954e+00,9.910872661217069446e-01,9.743504234614924764e-01,9.743504234614924764e-01
1.918669928922677848e+00,1.918669928922677848e+00,1.792143670644006814e+00,1.640400239937556126e+00,1.504410860617175327e+00,1.394639145774871469e+00,1.310825407584158331e+00,1.248909229105475305e+00,1.204056834832261780e+00,1.171790209546040185e+00,1.148340501183701790e+00,1.130725400244328327e+00,1.116709381288071068e+00,1.104702214963815488e+00,1.093626457764149240e+00,1.082784188313401064e+00,1.071739979268666820e+00,1.060231717395816897e+00,1.048106711219902287e+00,1.035281005469584459e+00,1.021711490342352979e+00,1.007374364095469321e+00,9.921628368057491265e-01,9.754664225943028288e-01,9.754664225943028288e-01
1.752907512355774911e+00,1.752907512355774911e+00,1.684297172896491057e+00,1.581616908797724097e+00,1.477490014597741430e+00,1.386065746089163664e+00,1.311616839555893366e+00,1.253704211405573421e+00,1.209933110974671600e+00,1.177321273159993797e+00,1.152957530086404114e+00,1.134314663185232108e+00,1.119372823107212200e+00,1.106622334646452099e+00,1.094997944657798428e+00,1.083782269818142741e+00,1.072510783000220513e+00,1.060890822376240328e+00,1.048742935915628172e+00,1.035959197799016129e+00,1.022476023066673401e+00,1.008251190796649821e+00,9.932003035196307339e-01,9.766393164543463179e-01,9.766393164543463179e-01
1.629575453141898222e+00,1.629575453141898222e+00,1.593308951040140142e+00,1.524815668434312821e+00,1.446838425984334764e+00,1.372798216100636459e+00,1.308681270836689503e+00,1.256168724735245990e+00,1.214664246966323136e+00,1.182506013331207750e+00,1.157672501350125005e+00,1.138192374168186527e+00,1.122361783535599011e+00,1.108829205352437564e+00,1.096590091940796707e+00,1.084935577338665968e+00,1.073383400688758371e+00,1.061614680407467981e+00,1.049421232649677016e+00,1.036668655148059059e+00,1.023268032028955332e+00,1.009154713259748037e+00,9.942491082175917150e-01,9.778999396132712629e-01,9.778999396132712629e-01
1.536377760008900140e+00,1.536377760008900140e+00,1.517748519260689877e+00,1.472280649769490024e+00,1.414609304250426636e+00,1.355787862221172535e+00,1.301870288756268756e+00,1.255495261370166427e+00,1.217195095949519024e+00,1.186312560401702187e+00,1.161613805310826475e+00,1.141688375172439596e+00,1.125197060943181393e+00,1.110999764147750257e+00,1.098198338953502828e+00,1.086122908322541658e+00,1.074294124502646053e+00,1.062376898438665229e+00,1.050140829441930324e+00,1.037426615959134102e+00,1.024121972393209790e+00,1.010140224972925660e+00,9.953966354104343273e-01,9.793145359819692697e-01,9.793145359819692697e-01
1.464284300399375960e+00,1.464284300399375960e+00,1.455128861915923055e+00,1.424904889559843735e+00,1.382465392787277869e+00,1.336271828323218891e+00,1.291680108629387869e+00,1.251550144207968174e+00,1.217005268172722143e+00,1.188062501726441456e+00,1.164103346962377161e+00,1.144212460995106095e+00,1.127407717615290794e+00,1.112782246928386565e+00,1.099571959832545298e+00,1.087173646378379877e+00,1.075130562370028020e+00,1.063107329807790435e+00,1.050860206058778834e+00,1.038212772590050292e+00,1.025033462010746410e+00,1.011218948614168278e+00,9.966757917208763917e-01,9.809046947877207989e-01,9.809046947877207989e-01
1.407099492044829869e+00,1.407099492044829869e+00,1.402994869894276686e+00,1.382814868912088491e+00,1.351579552994746525e+00,1.315503894004991015e+00,1.279005551927299145e+00,1.244772702374512985e+00,1.214156866756814335e+00,1.187574330359001840e+00,1.164842593509044288e+00,1.145439525758577881e+00,1.128696826338188686e+00,1.113931033175446839e+00,1.100522722797521613e+00,1.087950486730693500e+00,1.075798102268799905e+00,1.063742960392030756e+00,1.051540357412358073e+00,1.039004271511450472e+00,1.025991714552917156e+00,1.012387840098074365e+00,9.980933276492484074e-01,9.826682466349432321e-01,9.826682466349432321e-01
1.360672970212411181e+00,1.360672970212411181e+00,1.359259971344557227e+00,1.345730422634678458e+00,1.322671454426083582e+00,1.294539422761235237e+00,1.264832882054628627e+00,1.235899684185997049e+00,1.209103842472674328e+00,1.185064872553791782e+00,1.163882537422569641e+00,1.145324728901939926e+00,1.128975570978285159e+00,1.114348624740934879e+00,1.100961842803441781e+00,1.088382281548235575e+00,1.076243134497688159e+00,1.064246771475737985e+00,1.052156180531823804e+00,1.039785237445496335e+00,1.026985489820207764e+00,1.013637271790779115e+00,9.996390536894734780e-01,9.845872017103562968e-01,9.845872017103562968e-01
1.322247452859669936e+00,1.322247452859669936e+00,1.322277191290851750e+00,1.313202838450287402e+00,1.296111886865490392e+00,1.274154716504829699e+00,1.250034325845594374e+00,1.225714250040280229e+00,1.202459210013143043e+00,1.180963879288251306e+00,1.161495941423768219e+00,1.144022727338998013e+00,1.128320883085113024e+00,1.114064831893309959e+00,1.100895522623575484e+00,1.088464219939868416e+00,1.076458664668053400e+00,1.064611616341875733e+00,1.052702308791154895e+00,1.040550149887628839e+00,1.028008257153706362e+00,1.014956081299428714e+00,1.001294953138402333e+00,9.866355225002766405e-01,9.866355225002766405e-01
1.289984815906731086e+00,1.289984815906731086e+00,1.290795141657427925e+00,1.284752588687106289e+00,1.272041147293331287e+00,1.254869560733467004e+00,1.235293148875860503e+00,1.214909681012317888e+00,1.194835208179901631e+00,1.175763917595729957e+00,1.158050709165281855e+00,1.141793365956445427e+00,1.126907071328156595e+00,1.113193247774207917e+00,1.100395200505214444e+00,1.088241548714958373e+00,1.076472325858416346e+00,1.064854857001352517e+00,1.053187863127821533e+00,1.041302284514253440e+00,1.029056241170261510e+00,1.016332726329915337e+00,1.003038506063896218e+00,9.887827927698042974e-01,9.887827927698042974e-01
1.262644853514404808e+00,1.262644853514404808e+00,1.263880620201927707e+00,1.259937296220382752e+00,1.250466598142460528e+00,1.237008319561124781e+00,1.221108796758995751e+00,1.204043415342499923e+00,1.186767100076615344e+00,1.169931062092320895e+00,1.153925751608822381e+00,1.138927658780034102e+00,1.124949147340965183e+00,1.111886756753827976e+00,1.099567763541916543e+00,1.087786510980482291e+00,1.076332630584199368e+00,1.065006746931473458e+00,1.053630389468880990e+00,1.042047806052731174e+00,1.030126121318214905e+00,1.017753286389913470e+00,1.004844066095382127e+00,9.909952275720569359e-01,9.909952275720569359e-01
1.239374503806511818e+00,1.239374503806511818e+00,1.240841061442584659e+00,1.238376907800994076e+00,1.231327960529884802e+00,1.220761675179538264e+00,1.207831502966365322e+00,1.193541330855513616e+00,1.178690440326768840e+00,1.163867590727797108e+00,1.149465672861388121e+00,1.135705424496552096e+00,1.122663573427985728e+00,1.110307617202011210e+00,1.098530099662698545e+00,1.087181518905358413e+00,1.076094418986429879e+00,1.065102066136552006e+00,1.054047908234052588e+00,1.042791978545958287e+00,1.031211104415772795e+00,1.019200314723727629e+00,1.006682359901976742e+00,9.932359974626523424e-01,9.932359974626523424e-01
1.219571857498243705e+00,1.219571857498243705e+00,1.221159700673466686e+00,1.219755808845970790e+00,1.214536216674784841e+00,1.206233578699075215e+00,1.195701104449963248e+00,1.183719113243784982e+00,1.170946573111389055e+00,1.157902599068698413e+00,1.144964636560210192e+00,1.132373661696122413e+00,1.120248708082392408e+00,1.108607744023845321e+00,1.097394868875287255e+00,1.086505654090959228e+00,1.075810770026103036e+00,1.065172057495538560e+00,1.054455069941275580e+00,1.043534829868234093e+00,1.032299533094423349e+00,1.020651089420539614e+00,1.008520613368030006e+00,9.954655259579117121e-01,9.954655259579117121e-01
1.202799061307041395e+00,1.202799061307041395e+00,1.204445480566173066e+00,1.203815429072699672e+00,1.199994043085085949e+00,1.193473935626128135e+00,1.184878534291936569e+00,1.174807204054105325e+00,1.163796495469728631e+00,1.152297723649674088e+00,1.140663219592397359e+00,1.129140596460503687e+00,1.117874718721102223e+00,1.106920480915044802e+00,1.096260804560452051e+00,1.085828711230359289e+00,1.075526203021560434e+00,1.065241366929750688e+00,1.054859185474054994e+00,1.044270122800728950e+00,1.033373018897868700e+00,1.022077657526686334e+00,1.010322291360132851e+00,9.976426510153274529e-01,9.976426510153274529e-01
1.188726314604085399e+00,1.188726314604085399e+00,1.190396473071784422e+00,1.190343992428385622e+00,1.187606450520159118e+00,1.182499794456893571e+00,1.175470501593746331e+00,1.166972028553776797e+00,1.157437679456794211e+00,1.147256542587379524e+00,1.136753744481881823e+00,1.126175190239464996e+00,1.115682336784721951e+00,1.105356078142944121e+00,1.095210074471274497e+00,1.085206727342681532e+00,1.075275104371713253e+00,1.065325111086967702e+00,1.055260031072180249e+00,1.044983957789603402e+00,1.034406999603040278e+00,1.023446509317571085e+00,1.012047912725227539e+00,9.997264235679880207e-01,9.997264235679880207e-01
1.177095039126652587e+00,1.177095039126652587e+00,1.178773218160671155e+00,1.179166680462706784e+00,1.177285141275541847e+00,1.173309202848127564e+00,1.167546388566233384e+00,1.160333203345113251e+00,1.152017402065345086e+00,1.142935020116299549e+00,1.133385356633252350e+00,1.123610362027691156e+00,1.113781965759076398e+00,1.104001198959156049e+00,1.094305197013043518e+00,1.084680847466751974e+00,1.075078859360964811e+00,1.065428396984990478e+00,1.055647967093908735e+00,1.045654848170008977e+00,1.035369552008030380e+00,1.024718476260426447e+00,1.013654298092195649e+00,1.001677742417161454e+00,1.001677742417161454e+00
1.167693863970018286e+00,1.167693863970018286e+00,1.169381671085724550e+00,1.170140059391830079e+00,1.168954388348950602e+00,1.165894657067297446e+00,1.161156405908313705e+00,1.154981946581124852e+00,1.147650625472089292e+00,1.139455712186956626e+00,1.130676332741688439e+00,1.121551071301748914e+00,1.112260994230476863e+00,1.102923013630423776e+00,1.093593968614922973e+00,1.084280075097705076e+00,1.074950378115426597e+00,1.065549267730572680e+00,1.056008709198718698e+00,1.046257075655735447e+00,1.036225734046952507e+00,1.025851464854719453e+00,1.015097129168351930e+00,1.003463306803995092e+00,1.003463306803995092e+00
1.160335769682831142e+00,1.160335769682831142e+00,1.162052398288968780e+00,1.163136263311115748e+00,1.162539876776037095e+00,1.160235521956512361e+00,1.156324706151103499e+00,1.150974173434537562e+00,1.144410635545236588e+00,1.136897085469970925e+00,1.128700237153174468e+00,1.120059937032847897e+00,1.111166953978347527e+00,1.102153213008657762e+00,1.093091863762339022e+00,1.084005466806602591e+00,1.074877149243404606e+00,1.065663748603991268e+00,1.056307346438885020e+00,1.046746126528420140e+00,1.036921614035078765e+00,1.026784340695650277e+00,1.016312832272420197e+00,1.005040761729890875e+00,1.005040761729890875e+00
1.154870102550562327e+00,1.154870102550562327e+00,1.156671227653305767e+00,1.158094257994799925e+00,1.158041140788603762e+00,1.156388669011433112e+00,1.153154268261328053e+00,1.148443135470855303e+00,1.142445155397155743e+00,1.135407484464557637e+00,1.127596555162785563e+00,1.119261298676253569e+00,1.110606819211741314e+00,1.101780669183338723e+00,1.092871343082042923e+00,1.083914451539286672e+00,1.074904116978524282e+00,1.065805470429864732e+00,1.056567700485031125e+00,1.047135584968903022e+00,1.037459920428741356e+00,1.027507507776701745e+00,1.017281137468540875e+00,1.006409338041621471e+00,1.006409338041621471e+00
1.151031445984488588e+00,1.151031445984488588e+00,1.152961744198633731e+00,1.154734507989550796e+00,1.155178868954463312e+00,1.154075197737586045e+00,1.151365707957750617e+00,1.147108311902215405e+00,1.141472102270260081e+00,1.134703903094255617e+00,1.127082063452987892e+00,1.118873106654545424e+00,1.110300357302748564e+00,1.101527928626814035e+00,1.092657558043314658e+00,1.083734957452303416e+00,1.074760969967041957e+00,1.065705220072085568e+00,1.056519655177743378e+00,1.047152215739900250e+00,1.037559966650178911e+00,1.027727272739696662e+00,1.017690845336709504e+00,1.007288942130434961e+00,1.007288942130434961e+00
1.149271310861761375e+00,1.149271310861761375e+00,1.151651750081884140e+00,1.154081360334406003e+00,1.155280414923497645e+00,1.154888574795855938e+00,1.152746956992932725e+00,1.148864217650829689e+00,1.143408735024416867e+00,1.136659981505736994e+00,1.128943734280262401e+00,1.120573799974401874e+00,1.111812578006120988e+00,1.102852168103854558e+00,1.093812039092960431e+00,1.084747134035697336e+00,1.075661458268367898e+00,1.066523348847258745e+00,1.057280712575091597e+00,1.047875663862929407e+00,1.038260230497693781e+00,1.028423213602829289e+00,1.018439254406672934e+00,1.008533377372273776e+00,1.008533377372273776e+00
1.149271310861761375e+00,1.149271310861761375e+00,1.151651750081884140e+00,1.154081360334406003e+00,1.155280414923497645e+00,1.154888574795855938e+00,1.152746956992932725e+00,1.148864217650829689e+00,1.143408735024416867e+00,1.136659981505736994e+00,1.128943734280262401e+00,1.120573799974401874e+00,1.111812578006120988e+00,1.102852168103854558e+00,1.093812039092960431e+00,1.084747134035697336e+00,1.075661458268367898e+00,1.066523348847258745e+00,1.057280712575091597e+00,1.047875663862929407e+00,1.038260230497693781e+00,1.028423213602829289e+00,1.018439254406672934e+00,1.008533377372273776e+00,1.008533377372273776e+00
