-5.000000000000000000e-01,-5.000000000000000000e-01,-5.000000000000000000e-01,-5.000000000000000000e-01,-5.000000000000000000e-01,-5.000000000000000000e-01,-5.000000000000000000e-01,-5.000000000000000000e-01,-5.000000000000000000e-01,-5.000000000000000000e-01,-5.000000000000000000e-01,-5.000000000000000000e-01,-5.000000000000000000e-01,-5.000000000000000000e-01,-5.000000000000000000e-01,-5.000000000000000000e-01,-5.000000000000000000e-01,-5.000000000000000000e-01,-5.000000000000000000e-01,-5.000000000000000000e-01,-5.000000000000000000e-01,-5.000000000000000000e-01,-5.000000000000000000e-01,-5.000000000000000000e-01,-5.000000000000000000e-01
1.000000000000000000e+00,5.031188091031199017e-01,3.460147310828549094e-01,2.107903957718045285e-01,1.062328693650772260e-01,2.911531591127667490e-02,-2.734098942669514754e-02,-6.862468893679700421e-02,-9.877015963698668188e-02,-1.206846869033626202e-01,-1.364926839035557615e-01,-1.477860314459787383e-01,-1.557789492992676939e-01,-1.613993666064204857e-01,-1.653468624179168789e-01,-1.681360524824806746e-01,-1.701340381564182547e-01,-1.715943030819454540e-01,-1.726873781046770195e-01,-1.735301133215282066e-01,-1.742200044482257737e-01,-1.748875873975656581e-01,-1.757981048789344081e-01,-1.773021878502580861e-01,-1.773021878502580861e-01
1.000000000000000000e+00,8.610408511883925753e-01,7.789887956498550148e-01,6.665680734622364545e-01,5.536566293658143900e-01,4.552810071493091360e-01,3.749555639209760649e-01,3.117251669835103267e-01,2.631183508969630602e-01,2.264175887371326357e-01,1.991234785238574501e-01,1.790839400215292199e-01,1.645097908184330604e-01,1.539567777845800012e-01,1.462952168082688187e-01,1.406710761816103161e-01,1.364607824803871217e-01,1.332235690891229729e-01,1.306551526143247544e-01,1.285439886847211111e-01,1.267267359679460081e-01,1.250355059364070820e-01,1.232099902346994041e-01,1.208394989027999772e-01,1.208394989027999772e-01
1.000000000000000000e+00,9.858108790376244324e-01,9.782415355602329665e-01,9.262704315170662284e-01,8.490707655831688516e-01,7.663214675364621309e-01,6.892206202558660566e-01,6.226996005278093715e-01,5.679939980533302846e-01,5.244670882470284790e-01,4.906697509710496452e-01,4.649003985986730481e-01,4.454918287379991404e-01,4.309547847702392964e-01,4.200412727781367983e-01,4.117582971686156168e-01,4.053502401585902803e-01,4.002635106269936682e-01,3.961040118807680477e-01,3.925943214645112866e-01,3.895328337911379002e-01,3.867534457389706359e-01,3.840659714239555989e-01,3.810103933135652876e-01,3.810103933135652876e-01
1.000000000000000000e+00,1.023084749443876396e+00,1.054325080680324378e+00,1.052912282851034886e+00,1.020352608149536655e+00,9.695594536543181707e-01,9.122722748481985056e-01,8.563383861642558381e-01,8.060368672196286388e-01,7.631427262551486734e-01,7.278940926573321812e-01,6.996817266670030122e-01,6.774994107466574267e-01,6.602259735237024918e-01,6.467925772420685115e-01,6.362705502893906129e-01,6.279045390889492761e-01,6.211104097876999353e-01,6.154536043835767689e-01,6.106199138789529801e-01,6.063861489561050977e-01,6.025933369046088117e-01,5.991160621907115624e-01,5.954618871027963500e-01,5.954618871027963500e-01
1.000000000000000000e+00,1.029186502187456886e+00,1.073054420874117065e+00,1.101125645025133215e+00,1.103920043089438696e+00,1.085366390411367066e+00,1.053312839160723824e+00,1.015087082274337416e+00,9.760486802235843751e-01,9.395295871348887662e-01,9.072514737169928845e-01,8.798113457543643712e-01,8.570969969974111535e-01,8.386038130667197166e-01,8.236591399129800095e-01,8.115686286120730175e-01,8.017005776455421451e-01,7.935245874656079446e-01,7.866201641125875055e-01,7.806690918073142527e-01,7.754421700764525527e-01,7.707852818707878750e-01,7.666155253630948518e-01,7.624324520742837841e-01,7.624324520742837841e-01
1.000000000000000000e+00,1.025389243733825895e+00,1.068357430234995187e+00,1.108512392889755560e+00,1.132824394877619101e+00,1.138810927858452393e+00,1.129587804206988455e+00,1.110080794655833758e+00,1.085011082098314539e+00,1.058084699551314012e+00,1.031836536485235767e+00,1.007767531806137429e+00,9.865815450616792770e-01,9.684302318006630106e-01,9.531257713929915942e-01,9.403061790628283179e-01,9.295510820083892067e-01,9.204536120083537387e-01,9.126584000354430737e-01,9.058772775505697927e-01,8.998935115364905535e-01,8.945602094959542727e-01,8.898185235747830824e-01,8.851864003292140293e-01,8.851864003292140293e-01
1.000000000000000000e+00,1.019448937666308064e+00,1.056182717979994745e+00,1.097709884648224943e+00,1.131799525397916728e+00,1.152871872014038512e+00,1.160441757147744335e+00,1.156747804538581947e+00,1.145017988657938135e+00,1.128437115119452328e+00,1.109645253799891762e+00,1.090573215585231459e+00,1.072467311140180790e+00,1.056006145770209015e+00,1.041448844207618407e+00,1.028778466692155114e+00,1.017821292589247584e+00,1.008334876666431512e+00,1.000066233081108313e+00,9.927865657852436021e-01,9.863110150021897615e-01,9.805082968921395858e-01,9.753347045335289955e-01,9.703487142872068150e-01,9.703487142872068150e-01
1.000000000000000000e+00,1.013945138315218264e+00,1.043292434943298597e+00,1.080890570828140218e+00,1.116957235769944656e+00,1.145184129665780537e+00,1.163051120228231428e+00,1.170698668362444517e+00,1.169771349487174428e+00,1.162516776204675084e+00,1.151190101304594204e+00,1.137721512171504745e+00,1.123578050092461700e+00,1.109753800870933338e+00,1.096833746889817274e+00,1.085089600847372049e+00,1.074578947385944172e+00,1.065230997045095718e+00,1.056912157942105246e+00,1.049471776398155143e+00,1.042772719334240206e+00,1.036710013073414594e+00,1.031254338678594396e+00,1.026020816478521835e+00,1.026020816478521835e+00
1.000000000000000000e+00,1.009532609726891961e+00,1.032122195084444582e+00,1.063882520068600179e+00,1.097642687481795054e+00,1.127609952887635325e+00,1.150476358632217311e+00,1.165091002215605354e+00,1.171837057939821181e+00,1.171994558910202100e+00,1.167214068397840032e+00,1.159144120509058684e+00,1.149208330069891648e+00,1.138505563072488735e+00,1.127798230397877743e+00,1.117554032823012466e+00,1.108012099034497711e+00,1.099252747973536781e+00,1.091258765078532145e+00,1.083963485882284861e+00,1.077286422180435910e+00,1.071157775749839391e+00,1.065566047345682499e+00,1.060192694589984663e+00,1.060192694589984663e+00
1.000000000000000000e+00,1.006200880835591560e+00,1.023227078099060883e+00,1.049038372348263914e+00,1.078649305351034204e+00,1.107241976695846564e+00,1.131481861625429186e+00,1.149604120488766146e+00,1.161161094376758296e+00,1.166640293498375724e+00,1.167072535677124767e+00,1.163700824780640852e+00,1.157740767516043823e+00,1.150235794343585916e+00,1.141993410321347824e+00,1.133580479277677799e+00,1.125354303180180482e+00,1.117509733977763098e+00,1.110128357884694106e+00,1.103221960143867975e+00,1.096767897636460765e+00,1.090736167756426900e+00,1.085137042401874918e+00,1.079722142507069771e+00,1.079722142507069771e+00
1.000000000000000000e+00,1.003751236632539401e+00,1.016434233892196559e+00,1.036976744471739487e+00,1.062033391531224336e+00,1.087799950278209193e+00,1.111283615370529221e+00,1.130555154527137951e+00,1.144709358981903513e+00,1.153674181492656547e+00,1.157955055455373028e+00,1.158379822349376864e+00,1.155885147304476890e+00,1.151363501999352668e+00,1.145572730313136001e+00,1.139098855700870327e+00,1.132357242294124378e+00,1.125616529774337904e+00,1.119032334838698794e+00,1.112681884419993938e+00,1.106595308518338205e+00,1.100782449730995038e+00,1.095277684543108476e+00,1.089902027464023204e+00,1.089902027464023204e+00
1.000000000000000000e+00,1.001967113384518049e+00,1.011352936404874336e+00,1.027546350024836741e+00,1.048365106223196896e+00,1.070882564043426965e+00,1.092570164499922614e+00,1.111582591696588462e+00,1.126819716388723913e+00,1.137858686891497051e+00,1.144808376897012758e+00,1.148133949979702528e+00,1.148488116107039492e+00,1.146572690148233820e+00,1.143041419249168689e+00,1.138444487973660157e+00,1.133207912675785467e+00,1.127637597534428160e+00,1.121937643172214782e+00,1.116234565479591545e+00,1.110602424640215524e+00,1.105087429446067526e+00,1.099748195486399904e+00,1.094471368861421823e+00,1.094471368861421823e+00
1.000000000000000000e+00,1.000666425171762075e+00,1.007582078331021203e+00,1.020320425421303412e+00,1.037500904055516537e+00,1.056894767486115549e+00,1.076433123147364501e+00,1.094464934709759474e+00,1.109854220757962251e+00,1.121982646439093845e+00,1.130682972099308126e+00,1.136132021574983497e+00,1.138729682809299870e+00,1.138985468625894004e+00,1.137427137503067565e+00,1.134538030288055666e+00,1.130722805882871995e+00,1.126296458568492698e+00,1.121489374910659587e+00,1.116461475817650761e+00,1.111320572950126540e+00,1.106143762173764644e+00,1.101012219022509786e+00,1.095872970222986575e+00,1.095872970222986575e+00
1.000000000000000000e+00,9.997104346446320511e-01,1.004781695140339437e+00,1.014829111380810334e+00,1.029018834408496508e+00,1.045654040807754592e+00,1.063068251898321881e+00,1.079834909844439084e+00,1.094865509680247317e+00,1.107448499221737936e+00,1.117235572559418300e+00,1.124187765184438081e+00,1.128496989574330200e+00,1.130499707968142920e+00,1.130597465802053003e+00,1.129194335289458229e+00,1.126655490750160027e+00,1.123285974881372606e+00,1.119325438237817050e+00,1.114953612277904238e+00,1.110302305582635984e+00,1.105473353624769617e+00,1.100567728351779406e+00,1.095587160654477588e+00,1.095587160654477588e+00
1.000000000000000000e+00,9.989982842068457769e-01,1.002686786332096291e+00,1.010654176319053521e+00,1.022440307061099674e+00,1.036746135963518389e+00,1.052237027855034146e+00,1.067700953085826354e+00,1.082132360013711825e+00,1.094787461622400482e+00,1.105204631460798170e+00,1.113189610142361508e+00,1.118771620741630057e+00,1.122141800823740265e+00,1.123587372620286740e+00,1.123433107122727703e+00,1.121997203230242990e+00,1.119563724843287700e+00,1.116369901449470126e+00,1.112604737547476130e+00,1.108415606771826267e+00,1.103923085133492465e+00,1.099244650238731191e+00,1.094431141568675159e+00,1.094431141568675159e+00
1.000000000000000000e+00,9.984581845145127366e-01,1.001099052706330150e+00,1.007455841716327738e+00,1.017327062671184557e+00,1.029709650633838569e+00,1.043534299372505192e+00,1.057776922135167830e+00,1.071523369649472146e+00,1.084030597764052084e+00,1.094768896477898545e+00,1.103435200389494497e+00,1.109935884875044909e+00,1.114345804525156192e+00,1.116855279904694020e+00,1.117717077710501661e+00,1.117202232635427617e+00,1.115568974772407573e+00,1.113044998127855623e+00,1.109820964378132935e+00,1.106052851211319021e+00,1.101874307128771546e+00,1.097415579325328405e+00,1.092770981841551192e+00,1.092770981841551192e+00
1.000000000000000000e+00,9.980391437142566158e-01,9.998722946999006878e-01,1.004969231018567610e+00,1.013310978282617292e+00,1.024114966979823516e+00,1.036520252958336608e+00,1.049659560646603040e+00,1.062705088914415397e+00,1.074930605470902467e+00,1.085767835491240119e+00,1.094839757740311503e+00,1.101963272301376140e+00,1.107124317716394968e+00,1.110435617602742564e+00,1.112089153890618798e+00,1.112313208594428504e+00,1.111339613849400276e+00,1.109382810981312195e+00,1.106629753412906148e+00,1.103239104477844013e+00,1.099351847288018158e+00,1.095106209912957373e+00,1.090633546590902503e+00,1.090633546590902503e+00
1.000000000000000000e+00,9.977045474108519052e-01,9.988984155769997653e-01,1.002990288579526101e+00,1.010092010847420285e+00,1.019584597052977992e+00,1.030767879900760020e+00,1.042901266784726610e+00,1.055233185219419223e+00,1.067062015563199129e+00,1.077801644114446011e+00,1.087028639492261917e+00,1.094499070390987150e+00,1.100135377509513068e+00,1.103992362523901871e+00,1.106214338335030467e+00,1.106993829390631179e+00,1.106538281443592453e+00,1.105047251413517673e+00,1.102699902261042197e+00,1.099651929550567564e+00,1.096044983422499230e+00,1.092018117952014533e+00,1.087731084402790094e+00,1.087731084402790094e+00
1.000000000000000000e+00,9.974284334987575384e-01,9.980979381132042416e-01,1.001362597573045576e+00,1.007426124610035778e+00,1.015787032501367593e+00,1.025865535848711207e+00,1.037021318671344172e+00,1.048569815852806286e+00,1.059840763638710381e+00,1.070248875859176607e+00,1.079349656884976305e+00,1.086865286748081916e+00,1.092679240587100420e+00,1.096808017843326377e+00,1.099361947896808633e+00,1.100505685581788740e+00,1.100425216710093856e+00,1.099304258142486335e+00,1.097310298226596093e+00,1.094589803496763381e+00,1.091276529046232735e+00,1.087499093391592453e+00,1.083432948947958163e+00,1.083432948947958163e+00
1.000000000000000000e+00,9.971974309441593576e-01,9.974216002392248814e-01,9.999765308584382950e-01,1.005120929505711302e+00,1.012428996464952657e+00,1.021406600986177970e+00,1.031493845078553351e+00,1.042070566852922875e+00,1.052510460298514250e+00,1.062252221071509073e+00,1.070858507577943541e+00,1.078045917112167018e+00,1.083683693470467446e+00,1.087769112883099742e+00,1.090391295557619600e+00,1.091693896784336815e+00,1.091843395875613965e+00,1.091005838187365962e+00,1.089332293575952404e+00,1.086952567703937556e+00,1.083981653383431443e+00,1.080521129389820922e+00,1.076743792946254885e+00,1.076743792946254885e+00
1.000000000000000000e+00,9.970258957582959214e-01,9.968750989703660803e-01,9.987959614976060774e-01,1.003056414497941473e+00,1.009266381041885596e+00,1.016991093952263725e+00,1.025743478358444261e+00,1.034978825725982432e+00,1.044140238405747434e+00,1.052723859423828623e+00,1.060334493661573063e+00,1.066714561531733052e+00,1.071743799896324179e+00,1.075417174162421441e+00,1.077812056828855169e+00,1.079054370624800807e+00,1.079289767610007722e+00,1.078662235155414484e+00,1.077300031380401979e+00,1.075308001993974027e+00,1.072770509530093008e+00,1.069741433198132308e+00,1.066365706591987594e+00,1.066365706591987594e+00
1.000000000000000000e+00,9.970224888438351529e-01,9.966208094294056741e-01,9.979602087297935187e-01,1.001265314438347875e+00,1.006155913705322646e+00,1.012252240365409728e+00,1.019156078931325871e+00,1.026431685785179626e+00,1.033636222597053012e+00,1.040370884686357300e+00,1.046325672055774536e+00,1.051302333136510780e+00,1.055213120449411957e+00,1.058061801229086996e+00,1.059916300311308790e+00,1.060880976357765793e+00,1.061073304541313211e+00,1.060606543060652829e+00,1.059577722082866158e+00,1.058059155659687223e+00,1.056095925655247569e+00,1.053676652170165706e+00,1.050889581464051759e+00,1.050889581464051759e+00
1.000000000000000000e+00,9.975533410720508476e-01,9.971499935363740130e-01,9.979295001275811927e-01,1.000009942183714307e+00,1.003059581898678498e+00,1.006805741655265152e+00,1.010995890681059217e+00,1.015366493874436671e+00,1.019654495913298264e+00,1.023626457685563373e+00,1.027105037314281377e+00,1.029981925701079160e+00,1.032215694870065148e+00,1.033818907499762130e+00,1.034840580433126878e+00,1.035348989094152516e+00,1.035417578192528332e+00,1.035114612609534301e+00,1.034495606900216913e+00,1.033596268611653546e+00,1.032425322983992144e+00,1.030917161891355516e+00,1.029078820358049873e+00,1.029078820358049873e+00
1.000000000000000000e+00,1.000000000000000000e+00,1.000000000000000000e+00,1.000000000000000000e+00,1.000000000000000000e+00,1.000000000000000000e+00,1.000000000000000000e+00,1.000000000000000000e+00,1.000000000000000000e+00,1.000000000000000000e+00,1.000000000000000000e+00,1.000000000000000000e+00,1.000000000000000000e+00,1.000000000000000000e+00,1.000000000000000000e+00,1.000000000000000000e+00,1.000000000000000000e+00,1.000000000000000000e+00,1.000000000000000000e+00,1.000000000000000000e+00,1.000000000000000000e+00,1.000000000000000000e+00,1.000000000000000000e+00,1.000000000000000000e+00,1.000000000000000000e+00
