archivo,metodo,n_sensores,frecuencia,variables,rmse_T,rmse_p,rmse_tau,rmse_total,tiempo
4dvar_25x25_obs_20_freq_150_var_s.pkl,4dvar,20,150,s,0.0973670097507644,0.0403785569187372,0.2637284576213507,0.1338246747636174,27.007920026779175
enkf_25x25_obs_20_freq_70_var_t.pkl,enkf,20,70,t,0.0880377754809948,0.0403785569187371,0.2637284576213507,0.1307149300070275,0.0127279758453369
4dvar_25x25_obs_5_freq_300_var_pst.pkl,4dvar,5,300,pst,0.1019575235161493,0.0403785569187372,0.2637284576213507,0.1353548460187457,28.81167221069336
4dvar_25x25_obs_5_freq_150_var_s.pkl,4dvar,5,150,s,0.0997164232450402,0.0403785569187372,0.2637284576213507,0.1346078125950427,91.76771640777588
nudging_25x25_obs_20_freq_70_var_pst.pkl,nudging,20,70,pst,0.0918663844493798,0.0409350218447384,0.2637078662487433,0.1321697575142872,0.0029070377349853
nudging_25x25_obs_20_freq_70_var_s.pkl,nudging,20,70,s,0.0880377754809948,0.0403785569187372,0.2637285358644833,0.1307149560880718,0.0011012554168701
enkf_25x25_obs_10_freq_70_var_p.pkl,enkf,10,70,p,0.0880377754809948,0.0403785569187371,0.2637284576213507,0.1307149300070275,0.046931505203247
nudging_25x25_obs_20_freq_150_var_st.pkl,nudging,20,150,st,0.0936072003943089,0.0403785569187372,0.2637286873676281,0.1325714815602248,0.0039405822753906
kf_25x25_obs_10_freq_300_var_s.pkl,kf,10,300,s,0.0880377754809948,0.0403785569187372,0.2637284578178392,0.1307149300725237,0.0262050628662109
4dvar_25x25_obs_10_freq_70_var_s.pkl,4dvar,10,70,s,0.1197616922867131,0.0403785569187372,0.2637284576213507,0.141289568942267,28.760493278503414
4dvar_25x25_obs_5_freq_70_var_t.pkl,4dvar,5,70,t,0.1089722039213204,0.0403785569187372,0.2637284576213507,0.1376930728204694,29.9889075756073
kf_25x25_obs_20_freq_300_var_p.pkl,kf,20,300,p,0.0880361547130471,0.0403810574077466,0.2637283560632849,0.1307151893946929,0.0383901596069335
enkf_25x25_obs_5_freq_150_var_p.pkl,enkf,5,150,p,0.0880377754809948,0.0403785569187371,0.2637284576213507,0.1307149300070275,0.0115389823913574
nudging_25x25_obs_20_freq_150_var_t.pkl,nudging,20,150,t,0.0936072003943089,0.0403785569187372,0.2637284576213507,0.1325714049781323,0.0021648406982421
enkf_25x25_obs_5_freq_70_var_p.pkl,enkf,5,70,p,0.0880377754809948,0.0403785569187371,0.2637284576213507,0.1307149300070275,0.0051817893981933
nudging_25x25_obs_10_freq_150_var_pt.pkl,nudging,10,150,pt,0.092534858877429,0.040858078833718,0.2637299166666632,0.1323742847926034,0.0028216838836669
kf_25x25_obs_5_freq_70_var_pst.pkl,kf,5,70,pst,0.0880373398145245,0.0403786372272907,0.2637284570257552,0.1307148113558568,0.0042073726654052
kf_25x25_obs_5_freq_150_var_st.pkl,kf,5,150,st,0.0880372385669981,0.0403785569187372,0.2637284576794367,0.1307147510550573,0.0055480003356933
4dvar_25x25_obs_10_freq_150_var_p.pkl,4dvar,10,150,p,0.0976375111502309,0.0403785569187372,0.2637284576213507,0.1339148418967729,27.37614631652832
enkf_25x25_obs_5_freq_150_var_pst.pkl,enkf,5,150,pst,0.0880377754809948,0.0403785569187371,0.2637284576213507,0.1307149300070275,0.0210828781127929
4dvar_25x25_obs_20_freq_150_var_pst.pkl,4dvar,20,150,pst,0.0973670097507644,0.0403785569187372,0.2637284576213507,0.1338246747636174,29.423043727874756
enkf_25x25_obs_10_freq_150_var_pst.pkl,enkf,10,150,pst,0.0880377754809948,0.0403785569187371,0.2637284576213507,0.1307149300070275,0.0418546199798584
nudging_25x25_obs_5_freq_300_var_st.pkl,nudging,5,300,st,0.0920133990714861,0.0403785569187372,0.2637285553329431,0.1320401704410555,0.0045530796051025
4dvar_25x25_obs_20_freq_150_var_p.pkl,4dvar,20,150,p,0.0973670097507644,0.0403785569187372,0.2637284576213507,0.1338246747636174,28.756381511688232
nudging_25x25_obs_10_freq_70_var_t.pkl,nudging,10,70,t,0.0920248872310196,0.0403785569187372,0.2637284576213507,0.1320439672570358,0.0008027553558349
4dvar_25x25_obs_5_freq_150_var_pt.pkl,4dvar,5,150,pt,0.0997164232450402,0.0403785569187372,0.2637284576213507,0.1346078125950427,29.08068561553955
kf_25x25_obs_5_freq_70_var_st.pkl,kf,5,70,st,0.0880373844585341,0.0403785569187372,0.2637284576391366,0.1307147996721359,0.0031521320343017
kf_25x25_obs_5_freq_150_var_pst.pkl,kf,5,150,pst,0.0880371431500762,0.0403787289745057,0.2637284563707088,0.1307147761650969,0.007080078125
nudging_25x25_obs_10_freq_300_var_pst.pkl,nudging,10,300,pst,0.0955037832816613,0.0412781166924868,0.263735049694108,0.1335056498894187,0.0076956748962402
4dvar_25x25_obs_5_freq_150_var_p.pkl,4dvar,5,150,p,0.0997164232450402,0.0403785569187372,0.2637284576213507,0.1346078125950427,710.7235658168793
nudging_25x25_obs_10_freq_150_var_t.pkl,nudging,10,150,t,0.0927440441998168,0.0403785569187372,0.2637284576213507,0.1322836862466349,0.0016047954559326
nudging_25x25_obs_20_freq_70_var_p.pkl,nudging,20,70,p,0.0877766574970872,0.0409350218447384,0.2637077880165855,0.1308064891194704,0.0011792182922363
enkf_25x25_obs_10_freq_70_var_s.pkl,enkf,10,70,s,0.0880377754809948,0.0403785569187371,0.2637284576213507,0.1307149300070275,0.0079250335693359
kf_25x25_obs_10_freq_300_var_p.pkl,kf,10,300,p,0.0880370430019413,0.0403795609015562,0.2637284560831446,0.1307150199955474,0.0080270767211914
4dvar_25x25_obs_10_freq_70_var_p.pkl,4dvar,10,70,p,0.1197616922867131,0.0403785569187372,0.2637284576213507,0.141289568942267,30.01458740234375
enkf_25x25_obs_5_freq_150_var_s.pkl,enkf,5,150,s,0.0880377754809948,0.0403785569187371,0.2637284576213507,0.1307149300070275,0.0097544193267822
kf_25x25_obs_20_freq_300_var_s.pkl,kf,20,300,s,0.0880377754809948,0.0403785569187372,0.2637284580183328,0.1307149301393549,0.1779260635375976
kf_25x25_obs_10_freq_150_var_pst.pkl,kf,10,150,pst,0.0880372706827494,0.0403790582861734,0.2637284569246826,0.1307149286312018,0.0310373306274414
enkf_25x25_obs_5_freq_70_var_s.pkl,enkf,5,70,s,0.0880377754809948,0.0403785569187371,0.2637284576213507,0.1307149300070275,0.019045352935791
4dvar_25x25_obs_20_freq_70_var_t.pkl,4dvar,20,70,t,0.1179598926818675,0.0403785569187372,0.2637284576213507,0.1406889690739851,29.260782718658447
4dvar_25x25_obs_10_freq_150_var_s.pkl,4dvar,10,150,s,0.0976375111502309,0.0403785569187372,0.2637284576213507,0.1339148418967729,28.733344793319706
nudging_25x25_obs_5_freq_150_var_t.pkl,nudging,5,150,t,0.0946792884167369,0.0403785569187372,0.2637284576213507,0.132928767652275,0.0013961791992187
nudging_25x25_obs_5_freq_150_var_p.pkl,nudging,5,150,p,0.0880064320554561,0.0405477161064655,0.2637279403044845,0.1307606961554687,0.0015733242034912
4dvar_25x25_obs_20_freq_70_var_p.pkl,4dvar,20,70,p,0.1179598926818675,0.0403785569187372,0.2637284576213507,0.1406889690739851,55.85933184623718
enkf_25x25_obs_10_freq_70_var_st.pkl,enkf,10,70,st,0.0880377754809948,0.0403785569187371,0.2637284576213507,0.1307149300070275,0.013038158416748
nudging_25x25_obs_20_freq_150_var_s.pkl,nudging,20,150,s,0.0880377754809948,0.0403785569187372,0.2637286873676281,0.13071500658912,0.0021138191223144
kf_25x25_obs_10_freq_300_var_pst.pkl,kf,10,300,pst,0.0880345960871782,0.0403795609015562,0.2637284562796331,0.1307142044227892,0.0215139389038085
4dvar_25x25_obs_5_freq_70_var_s.pkl,4dvar,5,70,s,0.1089722039213204,0.0403785569187372,0.2637284576213507,0.1376930728204694,28.888692140579224
nudging_25x25_obs_20_freq_300_var_pt.pkl,nudging,20,300,pt,0.0927109134337465,0.0423905197004541,0.2636736730925667,0.1329250354089224,0.0063328742980957
4dvar_25x25_obs_10_freq_70_var_t.pkl,4dvar,10,70,t,0.1197616922867131,0.0403785569187372,0.2637284576213507,0.141289568942267,28.04929542541504
nudging_25x25_obs_20_freq_70_var_t.pkl,nudging,20,70,t,0.0921324663241694,0.0403785569187372,0.2637284576213507,0.1320798269547524,0.0011293888092041
kf_25x25_obs_10_freq_300_var_t.pkl,kf,10,300,t,0.0880353285895678,0.0403785569187372,0.2637284576213507,0.1307141143765519,0.0108969211578369
4dvar_25x25_obs_20_freq_300_var_pst.pkl,4dvar,20,300,pst,0.1107262101426383,0.0403785569187372,0.2637284576213507,0.1382777415609087,27.381636381149292
nudging_25x25_obs_10_freq_150_var_p.pkl,nudging,10,150,p,0.0878227722675553,0.040858078833718,0.2637299166666632,0.1308035892559788,0.0014572143554687
enkf_25x25_obs_5_freq_300_var_pst.pkl,enkf,5,300,pst,0.0880377754809948,0.0403785569187371,0.2637284576213507,0.1307149300070275,0.0417978763580322
enkf_25x25_obs_10_freq_300_var_pst.pkl,enkf,10,300,pst,0.0880377754809948,0.0403785569187371,0.2637284576213507,0.1307149300070275,0.0737586021423339
4dvar_25x25_obs_5_freq_150_var_t.pkl,4dvar,5,150,t,0.0997164232450402,0.0403785569187372,0.2637284576213507,0.1346078125950427,26.949270009994507
4dvar_25x25_obs_20_freq_150_var_t.pkl,4dvar,20,150,t,0.0973670097507644,0.0403785569187372,0.2637284576213507,0.1338246747636174,28.65143847465515
nudging_25x25_obs_10_freq_70_var_p.pkl,nudging,10,70,p,0.0879004999173509,0.0406072562365179,0.2637285585941311,0.1307454382493333,0.0007812976837158
enkf_25x25_obs_20_freq_70_var_s.pkl,enkf,20,70,s,0.0880377754809948,0.0403785569187371,0.2637284576213507,0.1307149300070275,0.0097143650054931
nudging_25x25_obs_10_freq_150_var_pst.pkl,nudging,10,150,pst,0.092534858877429,0.040858078833718,0.2637300321442102,0.1323743232851191,0.0050413608551025
kf_25x25_obs_5_freq_300_var_pst.pkl,kf,5,300,pst,0.0880378270501499,0.0403789008839696,0.2637284551033146,0.130715061012478,0.0137033462524414
nudging_25x25_obs_10_freq_300_var_st.pkl,nudging,10,300,st,0.095619862151751,0.0403785569187372,0.2637286543339325,0.1332423578014736,0.004875898361206
kf_25x25_obs_5_freq_300_var_pt.pkl,kf,5,300,pt,0.0880378270501499,0.0403789008839696,0.2637284550057157,0.1307150609799451,0.010829210281372
4dvar_25x25_obs_10_freq_150_var_t.pkl,4dvar,10,150,t,0.0976375111502309,0.0403785569187372,0.2637284576213507,0.1339148418967729,47.47989892959595
nudging_25x25_obs_5_freq_150_var_s.pkl,nudging,5,150,s,0.0880377754809948,0.0403785569187372,0.2637285157777516,0.1307149493924946,0.0014846324920654
4dvar_25x25_obs_20_freq_70_var_s.pkl,4dvar,20,70,s,0.1179598926818675,0.0403785569187372,0.2637284576213507,0.1406889690739851,28.17706298828125
nudging_25x25_obs_5_freq_150_var_pt.pkl,nudging,5,150,pt,0.0946624134992642,0.0405477161064655,0.2637279403044845,0.1329793566367381,0.0024006366729736
enkf_25x25_obs_5_freq_70_var_t.pkl,enkf,5,70,t,0.0880377754809948,0.0403785569187371,0.2637284576213507,0.1307149300070275,0.0040240287780761
nudging_25x25_obs_20_freq_150_var_p.pkl,nudging,20,150,p,0.0877199455536989,0.0415029611459079,0.2636911479307881,0.130971351543465,0.0021836757659912
4dvar_25x25_obs_5_freq_300_var_st.pkl,4dvar,5,300,st,0.1019575235161493,0.0403785569187372,0.2637284576213507,0.1353548460187457,29.18126225471497
enkf_25x25_obs_5_freq_150_var_t.pkl,enkf,5,150,t,0.0880377754809948,0.0403785569187371,0.2637284576213507,0.1307149300070275,0.0082905292510986
kf_25x25_obs_20_freq_300_var_t.pkl,kf,20,300,t,0.0880350999521586,0.0403785569187372,0.2637284576213507,0.1307140381640822,0.053964614868164
4dvar_25x25_obs_5_freq_70_var_p.pkl,4dvar,5,70,p,0.1089722039213204,0.0403785569187372,0.2637284576213507,0.1376930728204694,26.901690006256104
enkf_25x25_obs_10_freq_70_var_t.pkl,enkf,10,70,t,0.0880377754809948,0.0403785569187371,0.2637284576213507,0.1307149300070275,0.0060479640960693
nudging_25x25_obs_10_freq_150_var_s.pkl,nudging,10,150,s,0.0880377754809948,0.0403785569187372,0.2637285730902488,0.1307149684966602,0.0022566318511962
4dvar_25x25_obs_5_freq_150_var_pst.pkl,4dvar,5,150,pst,0.0997164232450402,0.0403785569187372,0.2637284576213507,0.1346078125950427,28.18200993537903
nudging_25x25_obs_10_freq_70_var_s.pkl,nudging,10,70,s,0.0880377754809948,0.0403785569187372,0.2637284963813862,0.1307149429270394,0.0011029243469238
enkf_25x25_obs_20_freq_70_var_p.pkl,enkf,20,70,p,0.0880377754809948,0.0403785569187371,0.2637284576213507,0.1307149300070275,0.0175452232360839
enkf_25x25_obs_20_freq_70_var_st.pkl,enkf,20,70,st,0.0880377754809948,0.0403785569187371,0.2637284576213507,0.1307149300070275,0.0223808288574218
4dvar_25x25_obs_10_freq_70_var_pt.pkl,4dvar,10,70,pt,0.1197616922867131,0.0403785569187372,0.2637284576213507,0.141289568942267,46.087125062942505
kf_25x25_obs_20_freq_300_var_pt.pkl,kf,20,300,pt,0.0880334786691175,0.0403810574077466,0.2637283560632849,0.1307142973800496,27.94573712348938
kf_25x25_obs_5_freq_70_var_s.pkl,kf,5,70,s,0.0880377754809948,0.0403785569187372,0.2637284576391366,0.1307149300129562,0.0016822814941406
enkf_25x25_obs_5_freq_70_var_pt.pkl,enkf,5,70,pt,0.0880377754809948,0.0403785569187371,0.2637284576213507,0.1307149300070275,0.0098309516906738
4dvar_25x25_obs_10_freq_150_var_pt.pkl,4dvar,10,150,pt,0.0976375111502309,0.0403785569187372,0.2637284576213507,0.1339148418967729,32.31944680213928
kf_25x25_obs_20_freq_70_var_st.pkl,kf,20,70,st,0.0880374865406923,0.0403785569187372,0.2637284576995036,0.1307148337196443,0.0610425472259521
enkf_25x25_obs_20_freq_300_var_pt.pkl,enkf,20,300,pt,0.0880377754809948,0.0403785569187371,0.2637284576213507,0.1307149300070275,0.1337838172912597
nudging_25x25_obs_5_freq_300_var_pst.pkl,nudging,5,300,pst,0.0920974914581346,0.0407033560041866,0.2637289085988377,0.1321765853537196,0.0056126117706298
kf_25x25_obs_5_freq_300_var_s.pkl,kf,5,300,s,0.0880377754809948,0.0403785569187372,0.2637284577189496,0.1307149300395605,0.0049278736114501
kf_25x25_obs_10_freq_300_var_st.pkl,kf,10,300,st,0.0880353285895678,0.0403785569187372,0.2637284578178392,0.1307141144420481,0.0278878211975097
4dvar_25x25_obs_20_freq_150_var_st.pkl,4dvar,20,150,st,0.0973670097507644,0.0403785569187372,0.2637284576213507,0.1338246747636174,28.74578881263733
enkf_25x25_obs_20_freq_300_var_t.pkl,enkf,20,300,t,0.0880377754809948,0.0403785569187371,0.2637284576213507,0.1307149300070275,0.0375676155090332
4dvar_25x25_obs_20_freq_70_var_pst.pkl,4dvar,20,70,pst,0.1179598926818675,0.0403785569187372,0.2637284576213507,0.1406889690739851,29.12450337409973
enkf_25x25_obs_10_freq_300_var_st.pkl,enkf,10,300,st,0.0880377754809948,0.0403785569187371,0.2637284576213507,0.1307149300070275,0.0444426536560058
enkf_25x25_obs_10_freq_300_var_t.pkl,enkf,10,300,t,0.0880377754809948,0.0403785569187371,0.2637284576213507,0.1307149300070275,0.0289614200592041
kf_25x25_obs_5_freq_70_var_p.pkl,kf,5,70,p,0.0880377308385359,0.0403786372272907,0.2637284570079694,0.1307149416912653,0.0015556812286376
enkf_25x25_obs_5_freq_300_var_pt.pkl,enkf,5,300,pt,0.0880377754809948,0.0403785569187371,0.2637284576213507,0.1307149300070275,0.0317223072052001
kf_25x25_obs_5_freq_300_var_p.pkl,kf,5,300,p,0.0880375849570566,0.0403789008839696,0.2637284550057157,0.1307149802822473,0.0077977180480957
4dvar_25x25_obs_5_freq_70_var_pt.pkl,4dvar,5,70,pt,0.1089722039213204,0.0403785569187372,0.2637284576213507,0.1376930728204694,47.43946552276611
kf_25x25_obs_10_freq_70_var_st.pkl,kf,10,70,st,0.0880372487496144,0.0403785569187372,0.2637284576600663,0.130714754442806,0.0089805126190185
4dvar_25x25_obs_20_freq_70_var_pt.pkl,4dvar,20,70,pt,0.1179598926818675,0.0403785569187372,0.2637284576213507,0.1406889690739851,29.224712371826172
enkf_25x25_obs_20_freq_300_var_s.pkl,enkf,20,300,s,0.0880377754809948,0.0403785569187371,0.2637284576213507,0.1307149300070275,0.0439603328704834
kf_25x25_obs_20_freq_150_var_st.pkl,kf,20,150,st,0.0880372207727049,0.0403785569187372,0.2637284578508291,0.130714745180757,0.0535016059875488
kf_25x25_obs_20_freq_70_var_pst.pkl,kf,20,70,pst,0.0880371059608902,0.0403791393801156,0.263728433884983,0.1307148930753296,0.0625464916229248
4dvar_25x25_obs_10_freq_300_var_st.pkl,4dvar,10,300,st,0.0910063932903412,0.0403785569187372,0.2637284576213507,0.1317044692768097,28.79111957550049
enkf_25x25_obs_20_freq_150_var_st.pkl,enkf,20,150,st,0.0880377754809948,0.0403785569187371,0.2637284576213507,0.1307149300070275,0.0400285720825195
nudging_25x25_obs_10_freq_70_var_pt.pkl,nudging,10,70,pt,0.0918837193821074,0.0406072562365179,0.2637285585941311,0.1320731780709188,0.0012142658233642
kf_25x25_obs_5_freq_300_var_t.pkl,kf,5,300,t,0.0880380175894598,0.0403785569187372,0.2637284576213507,0.1307150107098492,0.0112161636352539
enkf_25x25_obs_20_freq_70_var_pst.pkl,enkf,20,70,pst,0.0880377754809948,0.0403785569187371,0.2637284576213507,0.1307149300070275,0.0338809490203857
kf_25x25_obs_10_freq_150_var_pt.pkl,kf,10,150,pt,0.0880372706827494,0.0403790582861734,0.2637284568093516,0.1307149285927581,0.0250325202941894
4dvar_25x25_obs_20_freq_300_var_pt.pkl,4dvar,20,300,pt,0.1107262101426383,0.0403785569187372,0.2637284576213507,0.1382777415609087,32.103251457214355
kf_25x25_obs_5_freq_70_var_t.pkl,kf,5,70,t,0.0880373844585341,0.0403785569187372,0.2637284576213507,0.1307147996662073,0.0017709732055664
nudging_25x25_obs_5_freq_70_var_pt.pkl,nudging,5,70,pt,0.0926910219096476,0.040458372613102,0.2637280192178937,0.1322924712468811,0.0013480186462402
enkf_25x25_obs_10_freq_300_var_p.pkl,enkf,10,300,p,0.0880377754809948,0.0403785569187371,0.2637284576213507,0.1307149300070275,0.0298171043395996
enkf_25x25_obs_10_freq_150_var_pt.pkl,enkf,10,150,pt,0.0880377754809948,0.0403785569187371,0.2637284576213507,0.1307149300070275,0.0288968086242675
nudging_25x25_obs_5_freq_150_var_pst.pkl,nudging,5,150,pst,0.0946624134992642,0.0405477161064655,0.2637279984612508,0.1329793760223268,0.0029771327972412
enkf_25x25_obs_20_freq_300_var_p.pkl,enkf,20,300,p,0.0880377754809948,0.0403785569187371,0.2637284576213507,0.1307149300070275,0.0716300010681152
enkf_25x25_obs_5_freq_70_var_pst.pkl,enkf,5,70,pst,0.0880377754809948,0.0403785569187371,0.2637284576213507,0.1307149300070275,0.0131499767303466
enkf_25x25_obs_5_freq_150_var_st.pkl,enkf,5,150,st,0.0880377754809948,0.0403785569187371,0.2637284576213507,0.1307149300070275,0.0153672695159912
nudging_25x25_obs_20_freq_70_var_pt.pkl,nudging,20,70,pt,0.0918663844493798,0.0409350218447384,0.2637077880165855,0.1321697314369012,0.0017526149749755
enkf_25x25_obs_10_freq_300_var_s.pkl,enkf,10,300,s,0.0880377754809948,0.0403785569187371,0.2637284576213507,0.1307149300070275,0.0253689289093017
enkf_25x25_obs_20_freq_150_var_p.pkl,enkf,20,150,p,0.0880377754809948,0.0403785569187371,0.2637284576213507,0.1307149300070275,0.0361871719360351
enkf_25x25_obs_5_freq_150_var_pt.pkl,enkf,5,150,pt,0.0880377754809948,0.0403785569187371,0.2637284576213507,0.1307149300070275,0.0179858207702636
nudging_25x25_obs_5_freq_70_var_s.pkl,nudging,5,70,s,0.0880377754809948,0.0403785569187372,0.2637284754264878,0.1307149359420733,0.0007596015930175
nudging_25x25_obs_20_freq_70_var_st.pkl,nudging,20,70,st,0.0921324663241694,0.0403785569187372,0.2637285358644833,0.1320798530357966,0.0017962455749511
enkf_25x25_obs_10_freq_150_var_s.pkl,enkf,10,150,s,0.0880377754809948,0.0403785569187371,0.2637284576213507,0.1307149300070275,0.0142047405242919
kf_25x25_obs_20_freq_70_var_s.pkl,kf,20,70,s,0.0880377754809948,0.0403785569187372,0.2637284576995036,0.1307149300330785,0.0091996192932128
nudging_25x25_obs_20_freq_150_var_pst.pkl,nudging,20,150,pst,0.0933218623888989,0.0415029611459079,0.2636913776726864,0.1328387337358311,0.0045897960662841
enkf_25x25_obs_20_freq_150_var_s.pkl,enkf,20,150,s,0.0880377754809948,0.0403785569187371,0.2637284576213507,0.1307149300070275,0.0206224918365478
kf_25x25_obs_20_freq_150_var_pt.pkl,kf,20,150,pt,0.0880364084200244,0.0403798067552921,0.2637284067647112,0.1307148739800092,0.0475881099700927
4dvar_25x25_obs_10_freq_300_var_pst.pkl,4dvar,10,300,pst,0.0910063932903412,0.0403785569187372,0.2637284576213507,0.1317044692768097,31.52019762992859
kf_25x25_obs_5_freq_150_var_t.pkl,kf,5,150,t,0.0880372385669981,0.0403785569187372,0.2637284576213507,0.1307147510356953,0.0027813911437988
4dvar_25x25_obs_10_freq_300_var_pt.pkl,4dvar,10,300,pt,0.0910063932903412,0.0403785569187372,0.2637284576213507,0.1317044692768097,28.80009722709656
enkf_25x25_obs_20_freq_150_var_pt.pkl,enkf,20,150,pt,0.0880377754809948,0.0403785569187371,0.2637284576213507,0.1307149300070275,0.0551192760467529
nudging_25x25_obs_10_freq_70_var_st.pkl,nudging,10,70,st,0.0920248872310196,0.0403785569187372,0.2637284963813862,0.1320439801770477,0.0016071796417236
enkf_25x25_obs_20_freq_300_var_pst.pkl,enkf,20,300,pst,0.0880377754809948,0.0403785569187371,0.2637284576213507,0.1307149300070275,0.1321425437927246
kf_25x25_obs_10_freq_70_var_t.pkl,kf,10,70,t,0.0880372487496144,0.0403785569187372,0.2637284576213507,0.1307147544299008,0.0134651660919189
kf_25x25_obs_20_freq_300_var_pst.pkl,kf,20,300,pst,0.0880334786691175,0.0403810574077466,0.2637283564602669,0.130714297512377,0.1062579154968261
nudging_25x25_obs_5_freq_70_var_p.pkl,nudging,5,70,p,0.0880073529299305,0.040458372613102,0.2637280192178937,0.1307312482536421,0.0007171630859375
kf_25x25_obs_10_freq_70_var_pst.pkl,kf,10,70,pst,0.0880370768713997,0.040378790060562,0.2637284572400317,0.1307147747239978,0.0062346458435058
kf_25x25_obs_10_freq_150_var_st.pkl,kf,10,150,st,0.0880376376602407,0.0403785569187372,0.2637284577366817,0.1307148841052199,0.0089316368103027
enkf_25x25_obs_10_freq_150_var_p.pkl,enkf,10,150,p,0.0880377754809948,0.0403785569187371,0.2637284576213507,0.1307149300070275,0.0161340236663818
4dvar_25x25_obs_20_freq_300_var_st.pkl,4dvar,20,300,st,0.1107262101426383,0.0403785569187372,0.2637284576213507,0.1382777415609087,28.298635721206665
kf_25x25_obs_20_freq_70_var_p.pkl,kf,20,70,p,0.0880373949333684,0.0403791393801156,0.2637284338068302,0.1307149893734381,0.0094645023345947
enkf_25x25_obs_10_freq_70_var_pst.pkl,enkf,10,70,pst,0.0880377754809948,0.0403785569187371,0.2637284576213507,0.1307149300070275,0.01936936378479
enkf_25x25_obs_10_freq_150_var_st.pkl,enkf,10,150,st,0.0880377754809948,0.0403785569187371,0.2637284576213507,0.1307149300070275,0.0263526439666748
nudging_25x25_obs_5_freq_70_var_st.pkl,nudging,5,70,st,0.092717843916635,0.0403785569187372,0.2637284754264878,0.1322749587539533,0.0012760162353515
kf_25x25_obs_20_freq_150_var_pst.pkl,kf,20,150,pst,0.0880364084200244,0.0403798067552921,0.2637284069941897,0.1307148740565021,0.2077176570892334
kf_25x25_obs_20_freq_70_var_t.pkl,kf,20,70,t,0.0880374865406923,0.0403785569187372,0.2637284576213507,0.1307148336935934,0.0128474235534667
enkf_25x25_obs_10_freq_150_var_t.pkl,enkf,10,150,t,0.0880377754809948,0.0403785569187371,0.2637284576213507,0.1307149300070275,0.0149328708648681
nudging_25x25_obs_5_freq_70_var_t.pkl,nudging,5,70,t,0.092717843916635,0.0403785569187372,0.2637284576213507,0.1322749528189076,0.0006849765777587
kf_25x25_obs_10_freq_70_var_p.pkl,kf,10,70,p,0.0880376036087381,0.040378790060562,0.2637284572013162,0.1307149502902054,0.0023732185363769
enkf_25x25_obs_5_freq_300_var_st.pkl,enkf,5,300,st,0.0880377754809948,0.0403785569187371,0.2637284576213507,0.1307149300070275,0.0290138721466064
nudging_25x25_obs_20_freq_300_var_pst.pkl,nudging,20,300,pst,0.0927109134337465,0.0423905197004541,0.2636740703160042,0.132925167816735,0.0092055797576904
kf_25x25_obs_5_freq_150_var_p.pkl,kf,5,150,p,0.0880376800686778,0.0403787289745057,0.2637284563126228,0.1307149551186021,0.0048725605010986
4dvar_25x25_obs_5_freq_70_var_st.pkl,4dvar,5,70,st,0.1089722039213204,0.0403785569187372,0.2637284576213507,0.1376930728204694,28.096654415130615
kf_25x25_obs_10_freq_70_var_pt.pkl,kf,10,70,pt,0.0880370768713997,0.040378790060562,0.2637284572013162,0.1307147747110927,0.030627965927124
4dvar_25x25_obs_10_freq_150_var_pst.pkl,4dvar,10,150,pst,0.0976375111502309,0.0403785569187372,0.2637284576213507,0.1339148418967729,28.42632555961609
4dvar_25x25_obs_20_freq_70_var_st.pkl,4dvar,20,70,st,0.1179598926818675,0.0403785569187372,0.2637284576213507,0.1406889690739851,28.527936697006226
enkf_25x25_obs_20_freq_150_var_pst.pkl,enkf,20,150,pst,0.0880377754809948,0.0403785569187371,0.2637284576213507,0.1307149300070275,0.0648422241210937
4dvar_25x25_obs_10_freq_70_var_st.pkl,4dvar,10,70,st,0.1197616922867131,0.0403785569187372,0.2637284576213507,0.141289568942267,30.58249831199646
kf_25x25_obs_20_freq_300_var_st.pkl,kf,20,300,st,0.0880350999521586,0.0403785569187372,0.2637284580183328,0.1307140382964095,0.1110589504241943
4dvar_25x25_obs_10_freq_70_var_pst.pkl,4dvar,10,70,pst,0.1197616922867131,0.0403785569187372,0.2637284576213507,0.141289568942267,27.48288512229919
enkf_25x25_obs_5_freq_70_var_st.pkl,enkf,5,70,st,0.0880377754809948,0.0403785569187371,0.2637284576213507,0.1307149300070275,0.0083513259887695
4dvar_25x25_obs_10_freq_150_var_st.pkl,4dvar,10,150,st,0.0976375111502309,0.0403785569187372,0.2637284576213507,0.1339148418967729,31.145231008529663
enkf_25x25_obs_20_freq_300_var_st.pkl,enkf,20,300,st,0.0880377754809948,0.0403785569187371,0.2637284576213507,0.1307149300070275,0.0831685066223144
kf_25x25_obs_20_freq_70_var_pt.pkl,kf,20,70,pt,0.0880371059608902,0.0403791393801156,0.2637284338068302,0.1307148930492787,1.318315505981445
kf_25x25_obs_10_freq_70_var_s.pkl,kf,10,70,s,0.0880377754809948,0.0403785569187372,0.2637284576600663,0.1307149300199328,0.0032169818878173
kf_25x25_obs_5_freq_150_var_s.pkl,kf,5,150,s,0.0880377754809948,0.0403785569187372,0.2637284576794367,0.1307149300263896,0.0039460659027099
kf_25x25_obs_10_freq_300_var_pt.pkl,kf,10,300,pt,0.0880345960871782,0.0403795609015562,0.2637284560831446,0.130714204357293,0.0164780616760253
4dvar_25x25_obs_20_freq_150_var_pt.pkl,4dvar,20,150,pt,0.0973670097507644,0.0403785569187372,0.2637284576213507,0.1338246747636174,70.32064080238342
enkf_25x25_obs_20_freq_150_var_t.pkl,enkf,20,150,t,0.0880377754809948,0.0403785569187371,0.2637284576213507,0.1307149300070275,0.1020646095275878
enkf_25x25_obs_10_freq_300_var_pt.pkl,enkf,10,300,pt,0.0880377754809948,0.0403785569187371,0.2637284576213507,0.1307149300070275,0.0512769222259521
nudging_25x25_obs_5_freq_150_var_st.pkl,nudging,5,150,st,0.0946792884167369,0.0403785569187372,0.2637285157777516,0.1329287870377419,0.002587080001831
4dvar_25x25_obs_10_freq_300_var_t.pkl,4dvar,10,300,t,0.0910063932903412,0.0403785569187372,0.2637284576213507,0.1317044692768097,28.43098759651184
nudging_25x25_obs_5_freq_300_var_s.pkl,nudging,5,300,s,0.0880377754809948,0.0403785569187372,0.2637285553329431,0.1307149625775584,0.0022883415222167
nudging_25x25_obs_5_freq_70_var_pst.pkl,nudging,5,70,pst,0.0926910219096476,0.040458372613102,0.263728037022991,0.1322924771819136,0.00140380859375
4dvar_25x25_obs_5_freq_300_var_pt.pkl,4dvar,5,300,pt,0.1019575235161493,0.0403785569187372,0.2637284576213507,0.1353548460187457,27.514917373657227
kf_25x25_obs_20_freq_150_var_t.pkl,kf,20,150,t,0.0880372207727049,0.0403785569187372,0.2637284576213507,0.1307147451042642,0.0235335826873779
enkf_25x25_obs_5_freq_300_var_t.pkl,enkf,5,300,t,0.0880377754809948,0.0403785569187371,0.2637284576213507,0.1307149300070275,0.0240066051483154
nudging_25x25_obs_20_freq_300_var_p.pkl,nudging,20,300,p,0.0880487628019327,0.0423905197004541,0.2636736730925667,0.1313709851983178,0.0039467811584472
nudging_25x25_obs_10_freq_300_var_s.pkl,nudging,10,300,s,0.0880377754809948,0.0403785569187372,0.2637286543339325,0.1307149955778882,0.0031969547271728
enkf_25x25_obs_20_freq_70_var_pt.pkl,enkf,20,70,pt,0.0880377754809948,0.0403785569187371,0.2637284576213507,0.1307149300070275,0.0273382663726806
nudging_25x25_obs_5_freq_300_var_p.pkl,nudging,5,300,p,0.0880874173775432,0.0407033560041866,0.2637288108902836,0.1308398614240045,0.002347707748413
enkf_25x25_obs_10_freq_70_var_pt.pkl,enkf,10,70,pt,0.0880377754809948,0.0403785569187371,0.2637284576213507,0.1307149300070275,0.0223069190979003
nudging_25x25_obs_20_freq_300_var_s.pkl,nudging,20,300,s,0.0880377754809948,0.0403785569187372,0.2637288550533892,0.1307150624843737,0.0041358470916748
nudging_25x25_obs_20_freq_300_var_st.pkl,nudging,20,300,st,0.0925868604697425,0.0403785569187372,0.2637288550533892,0.1322314241472897,0.0064964294433593
4dvar_25x25_obs_5_freq_300_var_t.pkl,4dvar,5,300,t,0.1019575235161493,0.0403785569187372,0.2637284576213507,0.1353548460187457,949.23894906044
nudging_25x25_obs_10_freq_300_var_p.pkl,nudging,10,300,p,0.0878542398775023,0.0412781166924868,0.2637348529899003,0.1309557365199632,0.0025529861450195
kf_25x25_obs_10_freq_150_var_t.pkl,kf,10,150,t,0.0880376376602407,0.0403785569187372,0.2637284576213507,0.1307148840667762,0.0061028003692626
nudging_25x25_obs_10_freq_300_var_pt.pkl,nudging,10,300,pt,0.0955037832816613,0.0412781166924868,0.2637348529899003,0.1335055843213495,0.00504732131958
4dvar_25x25_obs_20_freq_300_var_t.pkl,4dvar,20,300,t,0.1107262101426383,0.0403785569187372,0.2637284576213507,0.1382777415609087,28.72531676292419
kf_25x25_obs_5_freq_300_var_st.pkl,kf,5,300,st,0.0880380175894598,0.0403785569187372,0.2637284577189496,0.1307150107423822,0.0106136798858642
4dvar_25x25_obs_20_freq_300_var_p.pkl,4dvar,20,300,p,0.1107262101426383,0.0403785569187372,0.2637284576213507,0.1382777415609087,28.82273006439209
nudging_25x25_obs_5_freq_300_var_pt.pkl,nudging,5,300,pt,0.0920974914581346,0.0407033560041866,0.2637288108902836,0.1321765527842016,0.0041627883911132
4dvar_25x25_obs_5_freq_150_var_st.pkl,4dvar,5,150,st,0.0997164232450402,0.0403785569187372,0.2637284576213507,0.1346078125950427,28.976542711257935
kf_25x25_obs_10_freq_150_var_p.pkl,kf,10,150,p,0.0880374085223339,0.0403790582861734,0.2637284568093516,0.1307149745392863,0.0057034492492675
nudging_25x25_obs_10_freq_300_var_t.pkl,nudging,10,300,t,0.095619862151751,0.0403785569187372,0.2637284576213507,0.1332422922306129,0.0031332969665527
4dvar_25x25_obs_5_freq_70_var_pst.pkl,4dvar,5,70,pst,0.1089722039213204,0.0403785569187372,0.2637284576213507,0.1376930728204694,30.337074995040897
kf_25x25_obs_5_freq_70_var_pt.pkl,kf,5,70,pt,0.0880373398145245,0.0403786372272907,0.2637284570079694,0.1307148113499282,0.0034573078155517
4dvar_25x25_obs_5_freq_300_var_p.pkl,4dvar,5,300,p,0.1019575235161493,0.0403785569187372,0.2637284576213507,0.1353548460187457,28.387067079544067
kf_25x25_obs_20_freq_150_var_s.pkl,kf,20,150,s,0.0880377754809948,0.0403785569187372,0.2637284578508291,0.1307149300835204,0.0237343311309814
enkf_25x25_obs_5_freq_300_var_s.pkl,enkf,5,300,s,0.0880377754809948,0.0403785569187371,0.2637284576213507,0.1307149300070275,0.0530762672424316
4dvar_25x25_obs_10_freq_300_var_s.pkl,4dvar,10,300,s,0.0910063932903412,0.0403785569187372,0.2637284576213507,0.1317044692768097,27.81089973449707
nudging_25x25_obs_5_freq_300_var_t.pkl,nudging,5,300,t,0.0920133990714861,0.0403785569187372,0.2637284576213507,0.1320401378705246,0.003087043762207
4dvar_25x25_obs_20_freq_300_var_s.pkl,4dvar,20,300,s,0.1107262101426383,0.0403785569187372,0.2637284576213507,0.1382777415609087,27.204143047332764
kf_25x25_obs_10_freq_150_var_s.pkl,kf,10,150,s,0.0880377754809948,0.0403785569187372,0.2637284577366817,0.1307149300454712,0.0175082683563232
4dvar_25x25_obs_5_freq_300_var_s.pkl,4dvar,5,300,s,0.1019575235161493,0.0403785569187372,0.2637284576213507,0.1353548460187457,29.03167486190796
nudging_25x25_obs_20_freq_150_var_pt.pkl,nudging,20,150,pt,0.0933218623888989,0.0415029611459079,0.2636911479307881,0.1328386571551983,0.003307819366455
nudging_25x25_obs_20_freq_300_var_t.pkl,nudging,20,300,t,0.0925868604697425,0.0403785569187372,0.2637284576213507,0.1322312916699435,0.0037448406219482
enkf_25x25_obs_5_freq_300_var_p.pkl,enkf,5,300,p,0.0880377754809948,0.0403785569187371,0.2637284576213507,0.1307149300070275,0.0238721370697021
kf_25x25_obs_20_freq_150_var_p.pkl,kf,20,150,p,0.0880369632322553,0.0403798067552921,0.2637284067647112,0.1307150589174195,0.0512821674346923
4dvar_25x25_obs_10_freq_300_var_p.pkl,4dvar,10,300,p,0.0910063932903412,0.0403785569187372,0.2637284576213507,0.1317044692768097,27.12010145187378
nudging_25x25_obs_10_freq_150_var_st.pkl,nudging,10,150,st,0.0927440441998168,0.0403785569187372,0.2637285730902488,0.1322837247362676,0.0029222965240478
kf_25x25_obs_5_freq_150_var_pt.pkl,kf,5,150,pt,0.0880371431500762,0.0403787289745057,0.2637284563126228,0.1307147761457349,0.006204605102539
nudging_25x25_obs_10_freq_70_var_pst.pkl,nudging,10,70,pst,0.0918837193821074,0.0406072562365179,0.263728597353318,0.1320731909906477,0.0018262863159179
baseline_sin_DA,none,0,0,all,0.07124775954002262,0.48523372504131773,0.005724049764816066,0.18740184478205216,0.0
