archivo,metodo,res,n_sensores,frecuencia,variables,rmse_T,rmse_p,rmse_tau,rmse_u,rmse_v,rmse_total_normalizado,tiempo
kf_25_obs_20_freq_300_var_pst.pkl,kf,25,20,300,pst,0.08888194442300552,514.14249321591,2.7449008783310798,0.5529539151279299,0.15305490028603053,276.7634384338133,0.23344182968139648
kf_25_obs_5_freq_300_var_s.pkl,kf,25,5,300,s,0.09039612290839541,522.1458244278508,2.7239357491333624,0.563941853357432,0.06406634283392976,278.63228964258906,0.005701303482055664
nudging_25_obs_5_freq_300_var_pt.pkl,nudging,25,5,300,pt,0.09032069670738507,521.9368569265721,2.7249899296245585,0.5620579073553099,0.06429283436544855,278.59343042532447,0.003933906555175781
4dvar_25_obs_10_freq_300_var_pst.pkl,4dvar,25,10,300,pst,0.08974100419508754,522.1458244278508,2.7239357414626713,0.563941853357432,0.06406634283392976,278.63047188076456,28.788826942443848
enkf_25_obs_20_freq_70_var_pt.pkl,enkf,25,20,70,pt,0.09039612290839541,522.1458244278508,2.7239357414626713,0.563941853357432,0.06406634283392976,278.63228938302035,0.02701568603515625
nudging_25_obs_10_freq_300_var_t.pkl,nudging,25,10,300,t,0.08974596244332918,522.1458244278508,2.7239357414626713,0.563941853357432,0.06406634283392976,278.63048563648124,0.0030510425567626953
kf_25_obs_5_freq_150_var_pst.pkl,kf,25,5,150,pst,0.09007113307604055,521.1586724437077,2.729677253772715,0.5561006005263508,0.07605147749409358,278.5090296855493,0.011224985122680664
enkf_25_obs_10_freq_300_var_st.pkl,enkf,25,10,300,st,0.09039612290839541,522.1458244278508,2.7239357414626713,0.563941853357432,0.06406634283392976,278.63228938302035,0.04429221153259277
enkf_25_obs_20_freq_300_var_pt.pkl,enkf,25,20,300,pt,0.09039612290839541,522.1458244278508,2.7239357414626713,0.563941853357432,0.06406634283392976,278.63228938302035,0.10548710823059082
nudging_25_obs_10_freq_150_var_pst.pkl,nudging,25,10,150,pst,0.08977435568995973,521.7310606227292,2.7248899769253274,0.5619743697193061,0.06457997094370703,278.5161663058102,0.004099607467651367
kf_25_obs_5_freq_300_var_p.pkl,kf,25,5,300,p,0.09016808525472539,520.6672713338289,2.7331932029866537,0.5529964968068385,0.0881823106815711,278.49017805519054,0.0074574947357177734
4dvar_25_obs_20_freq_150_var_st.pkl,4dvar,25,20,150,st,0.08898831132751985,522.1458244278508,2.7239357414626713,0.563941853357432,0.06406634283392976,278.628383677578,29.371016263961792
4dvar_25_obs_20_freq_70_var_pst.pkl,4dvar,25,20,70,pst,0.08896248339416986,522.1458244278508,2.7239357414626713,0.563941853357432,0.06406634283392976,278.6283120228898,28.788790225982666
nudging_25_obs_20_freq_300_var_t.pkl,nudging,25,20,300,t,0.08920124210532654,522.1458244278508,2.7239357414626713,0.563941853357432,0.06406634283392976,278.6289744135181,0.004225969314575195
enkf_25_obs_10_freq_70_var_pt.pkl,enkf,25,10,70,pt,0.09039612290839541,522.1458244278508,2.7239357414626713,0.563941853357432,0.06406634283392976,278.63228938302035,0.01769542694091797
4dvar_25_obs_10_freq_150_var_pt.pkl,4dvar,25,10,150,pt,0.08967425093493903,522.1458244278508,2.7239357414626713,0.563941853357432,0.06406634283392976,278.63028668654187,30.653241634368896
enkf_25_obs_10_freq_300_var_pst.pkl,enkf,25,10,300,pst,0.09039612290839541,522.1458244278508,2.7239357414626713,0.563941853357432,0.06406634283392976,278.63228938302035,0.07614016532897949
nudging_25_obs_5_freq_150_var_st.pkl,nudging,25,5,150,st,0.09028676909827486,522.1458244278508,2.723935741562722,0.563941853357432,0.06406634283392976,278.6319860050607,0.0026693344116210938
kf_25_obs_20_freq_70_var_st.pkl,kf,25,20,70,st,0.08884496818306521,522.1458244278508,2.723935753675973,0.563941853357432,0.06406634283392976,278.62798641257615,0.027231454849243164
nudging_25_obs_5_freq_70_var_pst.pkl,nudging,25,5,70,pst,0.09024706169340826,522.0950197885602,2.72418304471801,0.5634711473497294,0.06396575261111634,278.6216845010007,0.0017826557159423828
enkf_25_obs_10_freq_150_var_pst.pkl,enkf,25,10,150,pst,0.09039612290839541,522.1458244278508,2.7239357414626713,0.563941853357432,0.06406634283392976,278.63228938302035,0.03909635543823242
enkf_25_obs_10_freq_150_var_pt.pkl,enkf,25,10,150,pt,0.09039612290839541,522.1458244278508,2.7239357414626713,0.563941853357432,0.06406634283392976,278.63228938302035,0.02652454376220703
nudging_25_obs_20_freq_300_var_p.pkl,nudging,25,20,300,p,0.09031857990589084,520.0423292775818,2.7275658363960082,0.5584157125740831,0.07616549134650251,278.0421928833051,0.004197597503662109
nudging_25_obs_10_freq_300_var_s.pkl,nudging,25,10,300,s,0.09039612290839541,522.1458244278508,2.7239357412142224,0.563941853357432,0.06406634283392976,278.6322893746131,0.003205537796020508
kf_25_obs_5_freq_300_var_t.pkl,kf,25,5,300,t,0.09045125505046721,522.1458244278508,2.7239357414626713,0.563941853357432,0.06406634283392976,278.6324423366615,0.010650396347045898
4dvar_25_obs_10_freq_70_var_st.pkl,4dvar,25,10,70,st,0.0896625254808467,522.1458244278508,2.7239357414626713,0.563941853357432,0.06406634283392976,278.63025415649986,27.304226398468018
enkf_25_obs_20_freq_150_var_st.pkl,enkf,25,20,150,st,0.09039612290839541,522.1458244278508,2.7239357414626713,0.563941853357432,0.06406634283392976,278.63228938302035,0.041968584060668945
enkf_25_obs_20_freq_70_var_pst.pkl,enkf,25,20,70,pst,0.09039612290839541,522.1458244278508,2.7239357414626713,0.563941853357432,0.06406634283392976,278.63228938302035,0.034699201583862305
4dvar_25_obs_20_freq_70_var_st.pkl,4dvar,25,20,70,st,0.08896248339416986,522.1458244278508,2.7239357414626713,0.563941853357432,0.06406634283392976,278.6283120228898,30.019251346588135
nudging_25_obs_5_freq_70_var_pt.pkl,nudging,25,5,70,pt,0.09024706169340826,522.0950197885602,2.7241830445206645,0.5634711473497294,0.06396575261111634,278.6216844943227,0.0012133121490478516
4dvar_25_obs_5_freq_70_var_st.pkl,4dvar,25,5,70,st,0.09020151310253094,522.1458244278508,2.7239357414626713,0.563941853357432,0.06406634283392976,278.631749475132,28.04597759246826
4dvar_25_obs_20_freq_300_var_pt.pkl,4dvar,25,20,300,pt,0.08922016090531798,522.1458244278508,2.7239357414626713,0.563941853357432,0.06406634283392976,278.62902690013004,28.799072742462158
enkf_25_obs_5_freq_70_var_pt.pkl,enkf,25,5,70,pt,0.09039612290839541,522.1458244278508,2.7239357414626713,0.563941853357432,0.06406634283392976,278.63228938302035,0.007922649383544922
nudging_25_obs_20_freq_300_var_s.pkl,nudging,25,20,300,s,0.09039612290839541,522.1458244278508,2.7239357439444127,0.563941853357432,0.06406634283392976,278.6322894670001,0.003919124603271484
nudging_25_obs_10_freq_300_var_pst.pkl,nudging,25,10,300,pst,0.08973467065513566,521.3632690449925,2.72579511546565,0.5603457849315916,0.06685817915013034,278.4223406244183,0.0073430538177490234
kf_25_obs_20_freq_150_var_pst.pkl,kf,25,20,150,pst,0.08849772964544332,515.7811431776915,2.738935595395363,0.5528424941855634,0.13226368567967867,277.07868379119066,0.06152510643005371
nudging_25_obs_10_freq_300_var_p.pkl,nudging,25,10,300,p,0.09037229153794492,521.3632690449925,2.7257951157139293,0.5603457849315916,0.06685817915013034,278.4241095906733,0.0032978057861328125
4dvar_25_obs_10_freq_150_var_pst.pkl,4dvar,25,10,150,pst,0.08967425093493903,522.1458244278508,2.7239357414626713,0.563941853357432,0.06406634283392976,278.63028668654187,29.3373920917511
4dvar_25_obs_10_freq_300_var_st.pkl,4dvar,25,10,300,st,0.08974100419508754,522.1458244278508,2.7239357414626713,0.563941853357432,0.06406634283392976,278.63047188076456,27.314989805221558
kf_25_obs_5_freq_300_var_pst.pkl,kf,25,5,300,pst,0.09026462049404932,520.6672713338289,2.7331932106313643,0.5529964968068385,0.0881823106815711,278.490446132539,0.016695022583007812
kf_25_obs_10_freq_70_var_st.pkl,kf,25,10,70,st,0.08953168351173335,522.1458244278508,2.7239357479144544,0.563941853357432,0.06406634283392976,278.6298913786669,0.004523277282714844
nudging_25_obs_10_freq_70_var_pst.pkl,nudging,25,10,70,pst,0.08979146449356316,521.9480164873818,2.7243808750148166,0.5629856437014646,0.06401503808083878,278.5747853037958,0.002278566360473633
nudging_25_obs_10_freq_150_var_st.pkl,nudging,25,10,150,st,0.08977309334722607,522.1458244278508,2.723935741112709,0.563941853357432,0.06406634283392976,278.63056089417097,0.0026535987854003906
4dvar_25_obs_5_freq_300_var_t.pkl,4dvar,25,5,300,t,0.09037274934222213,522.1458244278508,2.7239357414626713,0.563941853357432,0.06406634283392976,278.6322245375071,28.749702215194702
nudging_25_obs_5_freq_150_var_t.pkl,nudging,25,5,150,t,0.09028676909827486,522.1458244278508,2.7239357414626713,0.563941853357432,0.06406634283392976,278.63198600167505,0.0018222332000732422
4dvar_25_obs_20_freq_300_var_t.pkl,4dvar,25,20,300,t,0.08922016090531798,522.1458244278508,2.7239357414626713,0.563941853357432,0.06406634283392976,278.62902690013004,28.487279176712036
enkf_25_obs_10_freq_150_var_s.pkl,enkf,25,10,150,s,0.09039612290839541,522.1458244278508,2.7239357414626713,0.563941853357432,0.06406634283392976,278.63228938302035,0.014593124389648438
enkf_25_obs_5_freq_150_var_t.pkl,enkf,25,5,150,t,0.09039612290839541,522.1458244278508,2.7239357414626713,0.563941853357432,0.06406634283392976,278.63228938302035,0.010042190551757812
nudging_25_obs_20_freq_150_var_pt.pkl,nudging,25,20,150,pt,0.0891941926179535,520.9796398370601,2.7257997276385324,0.5606644548089018,0.0676874151932129,278.287184054195,0.0038416385650634766
nudging_25_obs_20_freq_70_var_p.pkl,nudging,25,20,70,p,0.09039288773405006,521.5710115583853,2.724806578830427,0.5622558192760172,0.06466804443362524,278.4584813164507,0.0010821819305419922
enkf_25_obs_10_freq_70_var_t.pkl,enkf,25,10,70,t,0.09039612290839541,522.1458244278508,2.7239357414626713,0.563941853357432,0.06406634283392976,278.63228938302035,0.00814366340637207
kf_25_obs_5_freq_300_var_pt.pkl,kf,25,5,300,pt,0.09026462049404932,520.6672713338289,2.7331932029866537,0.5529964968068385,0.0881823106815711,278.4904458738494,0.009790182113647461
enkf_25_obs_20_freq_150_var_p.pkl,enkf,25,20,150,p,0.09039612290839541,522.1458244278508,2.7239357414626713,0.563941853357432,0.06406634283392976,278.63228938302035,0.030681848526000977
nudging_25_obs_5_freq_70_var_t.pkl,nudging,25,5,70,t,0.09025070179780446,522.1458244278508,2.7239357414626713,0.563941853357432,0.06406634283392976,278.63188593981056,0.0009737014770507812
nudging_25_obs_10_freq_70_var_t.pkl,nudging,25,10,70,t,0.08978870710470442,522.1458244278508,2.7239357414626713,0.563941853357432,0.06406634283392976,278.63060422341346,0.0010263919830322266
kf_25_obs_10_freq_300_var_t.pkl,kf,25,10,300,t,0.08967149400758771,522.1458244278508,2.7239357414626713,0.563941853357432,0.06406634283392976,278.6302790379713,0.010755062103271484
enkf_25_obs_5_freq_150_var_pt.pkl,enkf,25,5,150,pt,0.09039612290839541,522.1458244278508,2.7239357414626713,0.563941853357432,0.06406634283392976,278.63228938302035,0.018883943557739258
enkf_25_obs_20_freq_70_var_p.pkl,enkf,25,20,70,p,0.09039612290839541,522.1458244278508,2.7239357414626713,0.563941853357432,0.06406634283392976,278.63228938302035,0.015133857727050781
kf_25_obs_20_freq_300_var_pt.pkl,kf,25,20,300,pt,0.08888194442300552,514.14249321591,2.7449008285676055,0.5529539151279299,0.15305490028603053,276.76343674986595,0.08777642250061035
kf_25_obs_20_freq_300_var_t.pkl,kf,25,20,300,t,0.0892354924237745,522.1458244278508,2.7239357414626713,0.563941853357432,0.06406634283392976,278.6290694345117,0.118560791015625
4dvar_25_obs_5_freq_70_var_t.pkl,4dvar,25,5,70,t,0.09020151310253094,522.1458244278508,2.7239357414626713,0.563941853357432,0.06406634283392976,278.631749475132,26.415424585342407
enkf_25_obs_10_freq_150_var_p.pkl,enkf,25,10,150,p,0.09039612290839541,522.1458244278508,2.7239357414626713,0.563941853357432,0.06406634283392976,278.63228938302035,0.019838571548461914
kf_25_obs_10_freq_300_var_st.pkl,kf,25,10,300,st,0.08967149400758771,522.1458244278508,2.7239357523199352,0.563941853357432,0.06406634283392976,278.6302794053706,0.015588998794555664
nudging_25_obs_20_freq_70_var_s.pkl,nudging,25,20,70,s,0.09039612290839541,522.1458244278508,2.723935741448631,0.563941853357432,0.06406634283392976,278.63228938254525,0.0010645389556884766
enkf_25_obs_5_freq_150_var_pst.pkl,enkf,25,5,150,pst,0.09039612290839541,522.1458244278508,2.7239357414626713,0.563941853357432,0.06406634283392976,278.63228938302035,0.024868249893188477
4dvar_25_obs_5_freq_300_var_pt.pkl,4dvar,25,5,300,pt,0.09037274934222213,522.1458244278508,2.7239357414626713,0.563941853357432,0.06406634283392976,278.6322245375071,27.14496159553528
4dvar_25_obs_5_freq_300_var_pst.pkl,4dvar,25,5,300,pst,0.09037274934222213,522.1458244278508,2.7239357414626713,0.563941853357432,0.06406634283392976,278.6322245375071,29.325016260147095
enkf_25_obs_20_freq_150_var_s.pkl,enkf,25,20,150,s,0.09039612290839541,522.1458244278508,2.7239357414626713,0.563941853357432,0.06406634283392976,278.63228938302035,0.021590471267700195
4dvar_25_obs_10_freq_300_var_t.pkl,4dvar,25,10,300,t,0.08974100419508754,522.1458244278508,2.7239357414626713,0.563941853357432,0.06406634283392976,278.63047188076456,28.16661548614502
kf_25_obs_5_freq_70_var_st.pkl,kf,25,5,70,st,0.09014748053159913,522.1458244278508,2.7239357476141492,0.563941853357432,0.06406634283392976,278.6315997802018,0.003907918930053711
enkf_25_obs_20_freq_70_var_s.pkl,enkf,25,20,70,s,0.09039612290839541,522.1458244278508,2.7239357414626713,0.563941853357432,0.06406634283392976,278.63228938302035,0.01047062873840332
enkf_25_obs_5_freq_300_var_pst.pkl,enkf,25,5,300,pst,0.09039612290839541,522.1458244278508,2.7239357414626713,0.563941853357432,0.06406634283392976,278.63228938302035,0.04839301109313965
4dvar_25_obs_10_freq_300_var_p.pkl,4dvar,25,10,300,p,0.08974100419508754,522.1458244278508,2.7239357414626713,0.563941853357432,0.06406634283392976,278.63047188076456,28.34795117378235
nudging_25_obs_10_freq_300_var_pt.pkl,nudging,25,10,300,pt,0.08973467065513566,521.3632690449925,2.7257951157139293,0.5603457849315916,0.06685817915013034,278.42234063281984,0.004951953887939453
nudging_25_obs_5_freq_70_var_s.pkl,nudging,25,5,70,s,0.09039612290839541,522.1458244278508,2.7239357416600347,0.563941853357432,0.06406634283392976,278.63228938969894,0.0008540153503417969
4dvar_25_obs_5_freq_150_var_pst.pkl,4dvar,25,5,150,pst,0.0902573645832541,522.1458244278508,2.7239357414626713,0.563941853357432,0.06406634283392976,278.63190442444136,28.70330286026001
nudging_25_obs_10_freq_70_var_s.pkl,nudging,25,10,70,s,0.09039612290839541,522.1458244278508,2.723935741704237,0.563941853357432,0.06406634283392976,278.6322893911947,0.0009129047393798828
kf_25_obs_10_freq_300_var_s.pkl,kf,25,10,300,s,0.09039612290839541,522.1458244278508,2.7239357523199352,0.563941853357432,0.06406634283392976,278.63228975041955,0.009277582168579102
enkf_25_obs_10_freq_70_var_s.pkl,enkf,25,10,70,s,0.09039612290839541,522.1458244278508,2.7239357414626713,0.563941853357432,0.06406634283392976,278.63228938302035,0.006547689437866211
enkf_25_obs_5_freq_150_var_s.pkl,enkf,25,5,150,s,0.09039612290839541,522.1458244278508,2.7239357414626713,0.563941853357432,0.06406634283392976,278.63228938302035,0.010912895202636719
nudging_25_obs_20_freq_300_var_st.pkl,nudging,25,20,300,st,0.08920124210532654,522.1458244278508,2.7239357439444127,0.563941853357432,0.06406634283392976,278.6289744974978,0.006596088409423828
enkf_25_obs_10_freq_150_var_t.pkl,enkf,25,10,150,t,0.09039612290839541,522.1458244278508,2.7239357414626713,0.563941853357432,0.06406634283392976,278.63228938302035,0.014905691146850586
kf_25_obs_5_freq_70_var_pst.pkl,kf,25,5,70,pst,0.09007349071041464,521.6497117084957,2.7265832207091822,0.5596871930294095,0.06694612412506058,278.5519212467066,0.004985809326171875
nudging_25_obs_20_freq_70_var_st.pkl,nudging,25,20,70,st,0.08919644168424475,522.1458244278508,2.723935741448631,0.563941853357432,0.06406634283392976,278.62896109518783,0.0019288063049316406
kf_25_obs_5_freq_150_var_st.pkl,kf,25,5,150,st,0.0902473561367641,522.1458244278508,2.723935747358678,0.563941853357432,0.06406634283392976,278.6318768574255,0.007166147232055664
4dvar_25_obs_20_freq_300_var_s.pkl,4dvar,25,20,300,s,0.08922016090531798,522.1458244278508,2.7239357414626713,0.563941853357432,0.06406634283392976,278.62902690013004,27.207104921340942
enkf_25_obs_5_freq_300_var_st.pkl,enkf,25,5,300,st,0.09039612290839541,522.1458244278508,2.7239357414626713,0.563941853357432,0.06406634283392976,278.63228938302035,0.029477834701538086
4dvar_25_obs_5_freq_300_var_s.pkl,4dvar,25,5,300,s,0.09037274934222213,522.1458244278508,2.7239357414626713,0.563941853357432,0.06406634283392976,278.6322245375071,29.2228581905365
kf_25_obs_20_freq_300_var_p.pkl,kf,25,20,300,p,0.08994431256544128,514.14249321591,2.7449008285676055,0.5529539151279299,0.15305490028603053,276.76638408819736,0.04149150848388672
nudging_25_obs_5_freq_150_var_s.pkl,nudging,25,5,150,s,0.09039612290839541,522.1458244278508,2.723935741562722,0.563941853357432,0.06406634283392976,278.632289386406,0.0018231868743896484
4dvar_25_obs_5_freq_70_var_p.pkl,4dvar,25,5,70,p,0.09020151310253094,522.1458244278508,2.7239357414626713,0.563941853357432,0.06406634283392976,278.631749475132,28.43411660194397
kf_25_obs_20_freq_70_var_pst.pkl,kf,25,20,70,pst,0.08864734382950934,517.9488800769394,2.732379576550894,0.554556378651274,0.10280082026048319,277.53727289816686,0.08824872970581055
enkf_25_obs_20_freq_70_var_t.pkl,enkf,25,20,70,t,0.09039612290839541,522.1458244278508,2.7239357414626713,0.563941853357432,0.06406634283392976,278.63228938302035,0.012127876281738281
4dvar_25_obs_10_freq_300_var_s.pkl,4dvar,25,10,300,s,0.08974100419508754,522.1458244278508,2.7239357414626713,0.563941853357432,0.06406634283392976,278.63047188076456,27.42140555381775
kf_25_obs_20_freq_150_var_st.pkl,kf,25,20,150,st,0.08884348900766743,522.1458244278508,2.7239357651666305,0.563941853357432,0.06406634283392976,278.627982697718,0.22197937965393066
nudging_25_obs_5_freq_70_var_p.pkl,nudging,25,5,70,p,0.09039079958908348,522.0950197885602,2.7241830445206645,0.5634711473497294,0.06396575261111634,278.622083267773,0.0008957386016845703
kf_25_obs_10_freq_300_var_p.pkl,kf,25,10,300,p,0.09001663084637779,517.8971552735917,2.7370969191271777,0.5499783490939281,0.1216066632495288,277.73937948532125,0.011528730392456055
nudging_25_obs_10_freq_70_var_p.pkl,nudging,25,10,70,p,0.09039585960175298,521.9480164873818,2.72438087477329,0.5629856437014646,0.06401503808083878,278.57646207488466,0.0010254383087158203
enkf_25_obs_20_freq_150_var_t.pkl,enkf,25,20,150,t,0.09039612290839541,522.1458244278508,2.7239357414626713,0.563941853357432,0.06406634283392976,278.63228938302035,0.023784399032592773
enkf_25_obs_10_freq_70_var_p.pkl,enkf,25,10,70,p,0.09039612290839541,522.1458244278508,2.7239357414626713,0.563941853357432,0.06406634283392976,278.63228938302035,0.010294675827026367
nudging_25_obs_20_freq_70_var_t.pkl,nudging,25,20,70,t,0.08919644168424475,522.1458244278508,2.7239357414626713,0.563941853357432,0.06406634283392976,278.62896109566293,0.0012350082397460938
nudging_25_obs_10_freq_70_var_st.pkl,nudging,25,10,70,st,0.08978870710470442,522.1458244278508,2.723935741704237,0.563941853357432,0.06406634283392976,278.6306042315878,0.0013113021850585938
kf_25_obs_10_freq_150_var_pt.pkl,kf,25,10,150,pt,0.08936666713064512,519.044981162576,2.7328345752574728,0.5523896473705284,0.10133595120193918,277.9393726335892,0.01055908203125
enkf_25_obs_5_freq_150_var_p.pkl,enkf,25,5,150,p,0.09039612290839541,522.1458244278508,2.7239357414626713,0.563941853357432,0.06406634283392976,278.63228938302035,0.012621402740478516
4dvar_25_obs_5_freq_70_var_pst.pkl,4dvar,25,5,70,pst,0.09020151310253094,522.1458244278508,2.7239357414626713,0.563941853357432,0.06406634283392976,278.631749475132,29.787006378173828
4dvar_25_obs_5_freq_150_var_st.pkl,4dvar,25,5,150,st,0.0902573645832541,522.1458244278508,2.7239357414626713,0.563941853357432,0.06406634283392976,278.63190442444136,28.689643383026123
4dvar_25_obs_20_freq_300_var_p.pkl,4dvar,25,20,300,p,0.08922016090531798,522.1458244278508,2.7239357414626713,0.563941853357432,0.06406634283392976,278.62902690013004,27.911827564239502
4dvar_25_obs_5_freq_300_var_p.pkl,4dvar,25,5,300,p,0.09037274934222213,522.1458244278508,2.7239357414626713,0.563941853357432,0.06406634283392976,278.6322245375071,28.47282576560974
kf_25_obs_20_freq_300_var_s.pkl,kf,25,20,300,s,0.09039612290839541,522.1458244278508,2.7239357916091556,0.563941853357432,0.06406634283392976,278.63229107992845,0.06425309181213379
4dvar_25_obs_5_freq_70_var_s.pkl,4dvar,25,5,70,s,0.09020151310253094,522.1458244278508,2.7239357414626713,0.563941853357432,0.06406634283392976,278.631749475132,26.8003933429718
nudging_25_obs_5_freq_150_var_p.pkl,nudging,25,5,150,p,0.09038342287110075,522.0378188418962,2.7244686176745523,0.5629506720031642,0.06397562737783892,278.61121754043154,0.001964569091796875
kf_25_obs_10_freq_150_var_p.pkl,kf,25,10,150,p,0.09010839871398725,519.044981162576,2.7328345752574728,0.5523896473705284,0.10133595120193918,277.9414304267777,0.0058748722076416016
4dvar_25_obs_10_freq_70_var_p.pkl,4dvar,25,10,70,p,0.0896625254808467,522.1458244278508,2.7239357414626713,0.563941853357432,0.06406634283392976,278.63025415649986,28.435492515563965
kf_25_obs_20_freq_150_var_pt.pkl,kf,25,20,150,pt,0.08849772964544332,515.7811431776915,2.7389355718212194,0.5528424941855634,0.13226368567967867,277.07868299346467,0.08855557441711426
4dvar_25_obs_10_freq_150_var_s.pkl,4dvar,25,10,150,s,0.08967425093493903,522.1458244278508,2.7239357414626713,0.563941853357432,0.06406634283392976,278.63028668654187,27.38742446899414
kf_25_obs_10_freq_150_var_pst.pkl,kf,25,10,150,pst,0.08936666713064512,519.044981162576,2.7328345791280335,0.5523896473705284,0.10133595120193918,277.9393727645652,0.013090133666992188
4dvar_25_obs_20_freq_70_var_t.pkl,4dvar,25,20,70,t,0.08896248339416986,522.1458244278508,2.7239357414626713,0.563941853357432,0.06406634283392976,278.6283120228898,28.463534355163574
nudging_25_obs_10_freq_70_var_pt.pkl,nudging,25,10,70,pt,0.08979146449356316,521.9480164873818,2.72438087477329,0.5629856437014646,0.06401503808083878,278.57478529562275,0.0016865730285644531
enkf_25_obs_20_freq_300_var_t.pkl,enkf,25,20,300,t,0.09039612290839541,522.1458244278508,2.7239357414626713,0.563941853357432,0.06406634283392976,278.63228938302035,0.044039011001586914
4dvar_25_obs_20_freq_150_var_pst.pkl,4dvar,25,20,150,pst,0.08898831132751985,522.1458244278508,2.7239357414626713,0.563941853357432,0.06406634283392976,278.628383677578,28.71626043319702
kf_25_obs_10_freq_150_var_st.pkl,kf,25,10,150,st,0.08961123314931374,522.1458244278508,2.723935745345877,0.563941853357432,0.06406634283392976,278.63011198708654,0.03218245506286621
kf_25_obs_10_freq_70_var_pst.pkl,kf,25,10,70,pst,0.08944518093696859,520.4136461986245,2.7283781229250663,0.5565911652049003,0.07816500932746175,278.20498528272043,0.007155418395996094
4dvar_25_obs_5_freq_150_var_pt.pkl,4dvar,25,5,150,pt,0.0902573645832541,522.1458244278508,2.7239357414626713,0.563941853357432,0.06406634283392976,278.63190442444136,27.1459059715271
nudging_25_obs_20_freq_300_var_pst.pkl,nudging,25,20,300,pst,0.08915763022797406,520.0423292775818,2.7275658388744466,0.5584157125740831,0.07616549134650251,278.03897213312325,0.009466409683227539
enkf_25_obs_5_freq_300_var_p.pkl,enkf,25,5,300,p,0.09039612290839541,522.1458244278508,2.7239357414626713,0.563941853357432,0.06406634283392976,278.63228938302035,0.023110628128051758
nudging_25_obs_5_freq_300_var_p.pkl,nudging,25,5,300,p,0.09036721543340802,521.9368569265721,2.7249899296245585,0.5620579073553099,0.06429283436544855,278.59355948268114,0.0030155181884765625
kf_25_obs_20_freq_150_var_s.pkl,kf,25,20,150,s,0.09039612290839541,522.1458244278508,2.7239357651666305,0.563941853357432,0.06406634283392976,278.6322901851392,0.01834869384765625
4dvar_25_obs_5_freq_150_var_p.pkl,4dvar,25,5,150,p,0.0902573645832541,522.1458244278508,2.7239357414626713,0.563941853357432,0.06406634283392976,278.63190442444136,28.421409368515015
4dvar_25_obs_20_freq_150_var_p.pkl,4dvar,25,20,150,p,0.08898831132751985,522.1458244278508,2.7239357414626713,0.563941853357432,0.06406634283392976,278.628383677578,27.78085207939148
kf_25_obs_10_freq_150_var_s.pkl,kf,25,10,150,s,0.09039612290839541,522.1458244278508,2.723935745345877,0.563941853357432,0.06406634283392976,278.63228951442426,0.005716562271118164
4dvar_25_obs_10_freq_70_var_s.pkl,4dvar,25,10,70,s,0.0896625254808467,522.1458244278508,2.7239357414626713,0.563941853357432,0.06406634283392976,278.63025415649986,27.455547332763672
nudging_25_obs_10_freq_300_var_st.pkl,nudging,25,10,300,st,0.08974596244332918,522.1458244278508,2.7239357412142224,0.563941853357432,0.06406634283392976,278.6304856280739,0.0052204132080078125
4dvar_25_obs_10_freq_150_var_p.pkl,4dvar,25,10,150,p,0.08967425093493903,522.1458244278508,2.7239357414626713,0.563941853357432,0.06406634283392976,278.63028668654187,28.484817266464233
enkf_25_obs_20_freq_150_var_pst.pkl,enkf,25,20,150,pst,0.09039612290839541,522.1458244278508,2.7239357414626713,0.563941853357432,0.06406634283392976,278.63228938302035,0.06931376457214355
nudging_25_obs_20_freq_300_var_pt.pkl,nudging,25,20,300,pt,0.08915763022797406,520.0423292775818,2.7275658363960082,0.5584157125740831,0.07616549134650251,278.0389720492553,0.0071108341217041016
enkf_25_obs_10_freq_300_var_t.pkl,enkf,25,10,300,t,0.09039612290839541,522.1458244278508,2.7239357414626713,0.563941853357432,0.06406634283392976,278.63228938302035,0.026401519775390625
kf_25_obs_5_freq_150_var_pt.pkl,kf,25,5,150,pt,0.09007113307604055,521.1586724437077,2.72967724788911,0.5561006005263508,0.07605147749409358,278.50902948645387,0.005397796630859375
enkf_25_obs_5_freq_300_var_s.pkl,enkf,25,5,300,s,0.09039612290839541,522.1458244278508,2.7239357414626713,0.563941853357432,0.06406634283392976,278.63228938302035,0.0158994197845459
nudging_25_obs_20_freq_70_var_pt.pkl,nudging,25,20,70,pt,0.08920196313680745,521.5710115583853,2.724806578830427,0.5622558192760172,0.06466804443362524,278.4551773226889,0.0019207000732421875
enkf_25_obs_5_freq_300_var_pt.pkl,enkf,25,5,300,pt,0.09039612290839541,522.1458244278508,2.7239357414626713,0.563941853357432,0.06406634283392976,278.63228938302035,0.029966354370117188
nudging_25_obs_5_freq_300_var_s.pkl,nudging,25,5,300,s,0.09039612290839541,522.1458244278508,2.723935741524987,0.563941853357432,0.06406634283392976,278.63228938512907,0.0026373863220214844
kf_25_obs_20_freq_150_var_p.pkl,kf,25,20,150,p,0.08996675332361369,515.7811431776915,2.7389355718212194,0.5528424941855634,0.13226368567967867,277.08275852022746,0.08798503875732422
4dvar_25_obs_5_freq_150_var_s.pkl,4dvar,25,5,150,s,0.0902573645832541,522.1458244278508,2.7239357414626713,0.563941853357432,0.06406634283392976,278.63190442444136,27.213833332061768
4dvar_25_obs_20_freq_150_var_s.pkl,4dvar,25,20,150,s,0.08898831132751985,522.1458244278508,2.7239357414626713,0.563941853357432,0.06406634283392976,278.628383677578,27.19814920425415
enkf_25_obs_20_freq_300_var_pst.pkl,enkf,25,20,300,pst,0.09039612290839541,522.1458244278508,2.7239357414626713,0.563941853357432,0.06406634283392976,278.63228938302035,0.1358623504638672
kf_25_obs_20_freq_300_var_st.pkl,kf,25,20,300,st,0.0892354924237745,522.1458244278508,2.7239357916091556,0.563941853357432,0.06406634283392976,278.6290711314198,0.09808230400085449
kf_25_obs_20_freq_150_var_t.pkl,kf,25,20,150,t,0.08884348900766743,522.1458244278508,2.7239357414626713,0.563941853357432,0.06406634283392976,278.62798189559913,0.022065162658691406
enkf_25_obs_10_freq_300_var_p.pkl,enkf,25,10,300,p,0.09039612290839541,522.1458244278508,2.7239357414626713,0.563941853357432,0.06406634283392976,278.63228938302035,0.03612685203552246
kf_25_obs_10_freq_300_var_pt.pkl,kf,25,10,300,pt,0.08934571907617442,517.8971552735917,2.7370969191271777,0.5499783490939281,0.1216066632495288,277.7375181682332,0.016756057739257812
enkf_25_obs_20_freq_300_var_s.pkl,enkf,25,20,300,s,0.09039612290839541,522.1458244278508,2.7239357414626713,0.563941853357432,0.06406634283392976,278.63228938302035,0.04201459884643555
4dvar_25_obs_5_freq_300_var_st.pkl,4dvar,25,5,300,st,0.09037274934222213,522.1458244278508,2.7239357414626713,0.563941853357432,0.06406634283392976,278.6322245375071,28.81258225440979
4dvar_25_obs_20_freq_70_var_s.pkl,4dvar,25,20,70,s,0.08896248339416986,522.1458244278508,2.7239357414626713,0.563941853357432,0.06406634283392976,278.6283120228898,27.27034831047058
4dvar_25_obs_10_freq_150_var_t.pkl,4dvar,25,10,150,t,0.08967425093493903,522.1458244278508,2.7239357414626713,0.563941853357432,0.06406634283392976,278.63028668654187,28.470731258392334
kf_25_obs_5_freq_70_var_pt.pkl,kf,25,5,70,pt,0.09007349071041464,521.6497117084957,2.7265832145636772,0.5596871930294095,0.06694612412506058,278.55192103874873,0.002886533737182617
4dvar_25_obs_20_freq_150_var_t.pkl,4dvar,25,20,150,t,0.08898831132751985,522.1458244278508,2.7239357414626713,0.563941853357432,0.06406634283392976,278.628383677578,28.665600538253784
nudging_25_obs_10_freq_150_var_pt.pkl,nudging,25,10,150,pt,0.08977435568995973,521.7310606227292,2.7248899772751676,0.5619743697193061,0.06457997094370703,278.51616631764847,0.0026116371154785156
nudging_25_obs_5_freq_300_var_t.pkl,nudging,25,5,300,t,0.09034212337154436,522.1458244278508,2.7239357414626713,0.563941853357432,0.06406634283392976,278.632139571577,0.003360748291015625
nudging_25_obs_20_freq_150_var_pst.pkl,nudging,25,20,150,pst,0.0891941926179535,520.9796398370601,2.7257997285801454,0.5606644548089018,0.0676874151932129,278.28718408605823,0.005097866058349609
4dvar_25_obs_5_freq_150_var_t.pkl,4dvar,25,5,150,t,0.0902573645832541,522.1458244278508,2.7239357414626713,0.563941853357432,0.06406634283392976,278.63190442444136,28.463550329208374
enkf_25_obs_5_freq_300_var_t.pkl,enkf,25,5,300,t,0.09039612290839541,522.1458244278508,2.7239357414626713,0.563941853357432,0.06406634283392976,278.63228938302035,0.019981861114501953
enkf_25_obs_10_freq_300_var_s.pkl,enkf,25,10,300,s,0.09039612290839541,522.1458244278508,2.7239357414626713,0.563941853357432,0.06406634283392976,278.63228938302035,0.024569034576416016
enkf_25_obs_20_freq_300_var_p.pkl,enkf,25,20,300,p,0.09039612290839541,522.1458244278508,2.7239357414626713,0.563941853357432,0.06406634283392976,278.63228938302035,0.06207442283630371
nudging_25_obs_20_freq_150_var_st.pkl,nudging,25,20,150,st,0.0891977270760637,522.1458244278508,2.7239357424049286,0.563941853357432,0.06406634283392976,278.62896469362306,0.003702878952026367
nudging_25_obs_20_freq_70_var_pst.pkl,nudging,25,20,70,pst,0.08920196313680745,521.5710115583853,2.7248065788163913,0.5622558192760172,0.06466804443362524,278.4551773222139,0.0025069713592529297
4dvar_25_obs_20_freq_70_var_p.pkl,4dvar,25,20,70,p,0.08896248339416986,522.1458244278508,2.7239357414626713,0.563941853357432,0.06406634283392976,278.6283120228898,27.739380836486816
kf_25_obs_5_freq_300_var_st.pkl,kf,25,5,300,st,0.09045125505046721,522.1458244278508,2.7239357491333624,0.563941853357432,0.06406634283392976,278.63244259623025,0.013138532638549805
enkf_25_obs_5_freq_70_var_pst.pkl,enkf,25,5,70,pst,0.09039612290839541,522.1458244278508,2.7239357414626713,0.563941853357432,0.06406634283392976,278.63228938302035,0.012279987335205078
kf_25_obs_10_freq_300_var_pst.pkl,kf,25,10,300,pst,0.08934571907617442,517.8971552735917,2.7370969299322354,0.5499783490939281,0.1216066632495288,277.7375185338658,0.043710947036743164
enkf_25_obs_5_freq_150_var_st.pkl,enkf,25,5,150,st,0.09039612290839541,522.1458244278508,2.7239357414626713,0.563941853357432,0.06406634283392976,278.63228938302035,0.01566624641418457
kf_25_obs_10_freq_150_var_t.pkl,kf,25,10,150,t,0.08961123314931374,522.1458244278508,2.7239357414626713,0.563941853357432,0.06406634283392976,278.6301118556827,0.005808830261230469
4dvar_25_obs_10_freq_70_var_t.pkl,4dvar,25,10,70,t,0.0896625254808467,522.1458244278508,2.7239357414626713,0.563941853357432,0.06406634283392976,278.63025415649986,29.34349250793457
4dvar_25_obs_20_freq_300_var_pst.pkl,4dvar,25,20,300,pst,0.08922016090531798,522.1458244278508,2.7239357414626713,0.563941853357432,0.06406634283392976,278.62902690013004,28.86906337738037
4dvar_25_obs_20_freq_70_var_pt.pkl,4dvar,25,20,70,pt,0.08896248339416986,522.1458244278508,2.7239357414626713,0.563941853357432,0.06406634283392976,278.6283120228898,28.706908702850342
nudging_25_obs_5_freq_70_var_st.pkl,nudging,25,5,70,st,0.09025070179780446,522.1458244278508,2.7239357416600347,0.563941853357432,0.06406634283392976,278.6318859464891,0.001272439956665039
4dvar_25_obs_5_freq_70_var_pt.pkl,4dvar,25,5,70,pt,0.09020151310253094,522.1458244278508,2.7239357414626713,0.563941853357432,0.06406634283392976,278.631749475132,27.08981442451477
kf_25_obs_5_freq_70_var_t.pkl,kf,25,5,70,t,0.09014748053159913,522.1458244278508,2.7239357414626713,0.563941853357432,0.06406634283392976,278.6315995720418,0.0026938915252685547
nudging_25_obs_20_freq_150_var_s.pkl,nudging,25,20,150,s,0.09039612290839541,522.1458244278508,2.7239357424049286,0.563941853357432,0.06406634283392976,278.6322894149054,0.0020112991333007812
4dvar_25_obs_20_freq_300_var_st.pkl,4dvar,25,20,300,st,0.08922016090531798,522.1458244278508,2.7239357414626713,0.563941853357432,0.06406634283392976,278.62902690013004,28.597386360168457
kf_25_obs_20_freq_70_var_s.pkl,kf,25,20,70,s,0.09039612290839541,522.1458244278508,2.723935753675973,0.563941853357432,0.06406634283392976,278.63228979630657,0.010936498641967773
enkf_25_obs_5_freq_70_var_t.pkl,enkf,25,5,70,t,0.09039612290839541,522.1458244278508,2.7239357414626713,0.563941853357432,0.06406634283392976,278.63228938302035,0.005758762359619141
enkf_25_obs_5_freq_70_var_st.pkl,enkf,25,5,70,st,0.09039612290839541,522.1458244278508,2.7239357414626713,0.563941853357432,0.06406634283392976,278.63228938302035,0.008802175521850586
nudging_25_obs_10_freq_150_var_p.pkl,nudging,25,10,150,p,0.09039078595780649,521.7310606227292,2.7248899772751676,0.5619743697193061,0.06457997094370703,278.51787648617153,0.002079010009765625
4dvar_25_obs_10_freq_300_var_pt.pkl,4dvar,25,10,300,pt,0.08974100419508754,522.1458244278508,2.7239357414626713,0.563941853357432,0.06406634283392976,278.63047188076456,27.671114206314087
kf_25_obs_10_freq_70_var_pt.pkl,kf,25,10,70,pt,0.08944518093696859,520.4136461986245,2.728378116483788,0.5565911652049003,0.07816500932746175,278.2049850647538,0.005114316940307617
nudging_25_obs_5_freq_150_var_pst.pkl,nudging,25,5,150,pst,0.09027787823000433,522.0378188418962,2.724468617774584,0.5629506720031642,0.06397562737783892,278.6109247302862,0.003337383270263672
kf_25_obs_20_freq_70_var_pt.pkl,kf,25,20,70,pt,0.08864734382950934,517.9488800769394,2.7323795643753352,0.554556378651274,0.10280082026048319,277.53727248615786,0.022288799285888672
nudging_25_obs_5_freq_150_var_pt.pkl,nudging,25,5,150,pt,0.09027787823000433,522.0378188418962,2.7244686176745523,0.5629506720031642,0.06397562737783892,278.61092472690115,0.002269744873046875
kf_25_obs_10_freq_70_var_t.pkl,kf,25,10,70,t,0.08953168351173335,522.1458244278508,2.7239357414626713,0.563941853357432,0.06406634283392976,278.6298911603448,0.0033655166625976562
nudging_25_obs_20_freq_150_var_p.pkl,nudging,25,20,150,p,0.09037396900208257,520.9796398370601,2.7257997276385324,0.5606644548089018,0.0676874151932129,278.29045711936,0.0020782947540283203
enkf_25_obs_10_freq_70_var_pst.pkl,enkf,25,10,70,pst,0.09039612290839541,522.1458244278508,2.7239357414626713,0.563941853357432,0.06406634283392976,278.63228938302035,0.019716262817382812
kf_25_obs_20_freq_70_var_p.pkl,kf,25,20,70,p,0.09013340957527469,517.9488800769394,2.7323795643753352,0.554556378651274,0.10280082026048319,277.5413952928955,0.03197765350341797
enkf_25_obs_10_freq_150_var_st.pkl,enkf,25,10,150,st,0.09039612290839541,522.1458244278508,2.7239357414626713,0.563941853357432,0.06406634283392976,278.63228938302035,0.022408485412597656
nudging_25_obs_10_freq_150_var_s.pkl,nudging,25,10,150,s,0.09039612290839541,522.1458244278508,2.723935741112709,0.563941853357432,0.06406634283392976,278.632289371178,0.0018126964569091797
4dvar_25_obs_10_freq_70_var_pt.pkl,4dvar,25,10,70,pt,0.0896625254808467,522.1458244278508,2.7239357414626713,0.563941853357432,0.06406634283392976,278.63025415649986,29.603404998779297
enkf_25_obs_20_freq_150_var_pt.pkl,enkf,25,20,150,pt,0.09039612290839541,522.1458244278508,2.7239357414626713,0.563941853357432,0.06406634283392976,278.63228938302035,0.05121874809265137
kf_25_obs_5_freq_150_var_t.pkl,kf,25,5,150,t,0.0902473561367641,522.1458244278508,2.7239357414626713,0.563941853357432,0.06406634283392976,278.63187665791037,0.005227327346801758
kf_25_obs_5_freq_150_var_p.pkl,kf,25,5,150,p,0.0901891451345094,521.1586724437077,2.72967724788911,0.5561006005263508,0.07605147749409358,278.5093568884622,0.004404544830322266
4dvar_25_obs_20_freq_150_var_pt.pkl,4dvar,25,20,150,pt,0.08898831132751985,522.1458244278508,2.7239357414626713,0.563941853357432,0.06406634283392976,278.628383677578,28.898526906967163
enkf_25_obs_10_freq_70_var_st.pkl,enkf,25,10,70,st,0.09039612290839541,522.1458244278508,2.7239357414626713,0.563941853357432,0.06406634283392976,278.63228938302035,0.01115274429321289
kf_25_obs_20_freq_70_var_t.pkl,kf,25,20,70,t,0.08884496818306521,522.1458244278508,2.7239357414626713,0.563941853357432,0.06406634283392976,278.62798599928993,0.013666629791259766
enkf_25_obs_5_freq_70_var_s.pkl,enkf,25,5,70,s,0.09039612290839541,522.1458244278508,2.7239357414626713,0.563941853357432,0.06406634283392976,278.63228938302035,0.004364013671875
kf_25_obs_5_freq_70_var_s.pkl,kf,25,5,70,s,0.09039612290839541,522.1458244278508,2.7239357476141492,0.563941853357432,0.06406634283392976,278.6322895911804,0.0020904541015625
nudging_25_obs_20_freq_150_var_t.pkl,nudging,25,20,150,t,0.0891977270760637,522.1458244278508,2.7239357414626713,0.563941853357432,0.06406634283392976,278.628964661738,0.002337932586669922
4dvar_25_obs_10_freq_70_var_pst.pkl,4dvar,25,10,70,pst,0.0896625254808467,522.1458244278508,2.7239357414626713,0.563941853357432,0.06406634283392976,278.63025415649986,28.812586307525635
kf_25_obs_10_freq_70_var_p.pkl,kf,25,10,70,p,0.09028192559339186,520.4136461986245,2.728378116483788,0.5565911652049003,0.07816500932746175,278.2073064536406,0.003552675247192383
4dvar_25_obs_10_freq_150_var_st.pkl,4dvar,25,10,150,st,0.08967425093493903,522.1458244278508,2.7239357414626713,0.563941853357432,0.06406634283392976,278.63028668654187,27.13599181175232
kf_25_obs_5_freq_150_var_s.pkl,kf,25,5,150,s,0.09039612290839541,522.1458244278508,2.723935747358678,0.563941853357432,0.06406634283392976,278.63228958253546,0.004786968231201172
nudging_25_obs_5_freq_300_var_st.pkl,nudging,25,5,300,st,0.09034212337154436,522.1458244278508,2.723935741524987,0.563941853357432,0.06406634283392976,278.6321395736857,0.004465341567993164
enkf_25_obs_20_freq_70_var_st.pkl,enkf,25,20,70,st,0.09039612290839541,522.1458244278508,2.7239357414626713,0.563941853357432,0.06406634283392976,278.63228938302035,0.02094125747680664
nudging_25_obs_10_freq_150_var_t.pkl,nudging,25,10,150,t,0.08977309334722607,522.1458244278508,2.7239357414626713,0.563941853357432,0.06406634283392976,278.63056090601333,0.0017483234405517578
enkf_25_obs_10_freq_300_var_pt.pkl,enkf,25,10,300,pt,0.09039612290839541,522.1458244278508,2.7239357414626713,0.563941853357432,0.06406634283392976,278.63228938302035,0.050940513610839844
nudging_25_obs_5_freq_300_var_pst.pkl,nudging,25,5,300,pst,0.09032069670738507,521.9368569265721,2.72498992968685,0.5620579073553099,0.06429283436544855,278.59343042743234,0.006168842315673828
enkf_25_obs_5_freq_70_var_p.pkl,enkf,25,5,70,p,0.09039612290839541,522.1458244278508,2.7239357414626713,0.563941853357432,0.06406634283392976,278.63228938302035,0.00693821907043457
kf_25_obs_5_freq_70_var_p.pkl,kf,25,5,70,p,0.09030501688809216,521.6497117084957,2.7265832145636772,0.5596871930294095,0.06694612412506058,278.55256336408866,0.002669095993041992
kf_25_obs_10_freq_70_var_s.pkl,kf,25,10,70,s,0.09039612290839541,522.1458244278508,2.7239357479144544,0.563941853357432,0.06406634283392976,278.63228960134245,0.0027341842651367188
enkf_25_obs_20_freq_300_var_st.pkl,enkf,25,20,300,st,0.09039612290839541,522.1458244278508,2.7239357414626713,0.563941853357432,0.06406634283392976,278.63228938302035,0.07691836357116699
